-- Deals-service seed data (development only).
-- Generated against the listings-service seed: property ids, names, types and
-- metros below reference real rows in proptrack_listings so the UI can join
-- client-side. Owner/assignee/author ids are the four fixed demo users seeded
-- by auth-service's DatabaseInitializer.

-- deals: 25 rows
INSERT INTO deals (id, name, property_id, property_name, property_type, metro_area, stage, priority, owner_id, dead_reason, offer_price, projected_cap_rate, target_irr, equity_multiple, projected_close_date, ai_score, ai_score_rationale, risk_flags, stage_entered_at, created_at, updated_at) VALUES ('2709f0cb-bbd1-53eb-8e34-1aff6f024006', 'Metro Pkwy Warehouse Complex Acquisition', '8b7fadbf-8793-4bd8-8b54-7c3d940cf7d1', 'Metro Pkwy Warehouse Complex', 'Industrial', 'New York Metro', 'InitialInterest', 'Medium', '22222222-2222-2222-2222-222222222222', NULL, 5228440.0, 0.059, 0.1798, 1.5968, '2026-09-28', NULL, NULL, NULL, '2026-02-09T18:00:00.0000000Z', '2026-02-09T18:00:00.0000000Z', '2026-02-09T18:00:00.0000000Z');
INSERT INTO deals (id, name, property_id, property_name, property_type, metro_area, stage, priority, owner_id, dead_reason, offer_price, projected_cap_rate, target_irr, equity_multiple, projected_close_date, ai_score, ai_score_rationale, risk_flags, stage_entered_at, created_at, updated_at) VALUES ('579497b8-6629-5bc5-a715-fb525a82eea8', 'Charlotte Residences - Building 5 Acquisition', 'b9a10cd4-a759-4539-92aa-1aabe8e156c7', 'Charlotte Residences - Building 5', 'Apartment', 'Charlotte Metro', 'InitialInterest', 'High', '33333333-3333-3333-3333-333333333333', NULL, 21014800.0, 0.068, 0.1577, 1.8759, '2026-11-03', NULL, NULL, NULL, '2026-01-09T12:00:00.0000000Z', '2026-01-09T12:00:00.0000000Z', '2026-01-09T12:00:00.0000000Z');
INSERT INTO deals (id, name, property_id, property_name, property_type, metro_area, stage, priority, owner_id, dead_reason, offer_price, projected_cap_rate, target_irr, equity_multiple, projected_close_date, ai_score, ai_score_rationale, risk_flags, stage_entered_at, created_at, updated_at) VALUES ('3f2bfae6-a2be-51be-97f4-da49c179dd89', 'Indianapolis Gateway Acquisition', 'c99ab74b-f2ee-45e8-b19c-a02a74b36168', 'Indianapolis Gateway', 'Mixed-Use', 'Indianapolis Metro', 'InitialInterest', 'Low', '44444444-4444-4444-4444-444444444444', NULL, 10274722.0, 0.0652, 0.1207, 2.0338, '2026-10-11', NULL, NULL, NULL, '2026-03-14T16:00:00.0000000Z', '2026-03-14T16:00:00.0000000Z', '2026-03-14T16:00:00.0000000Z');
INSERT INTO deals (id, name, property_id, property_name, property_type, metro_area, stage, priority, owner_id, dead_reason, offer_price, projected_cap_rate, target_irr, equity_multiple, projected_close_date, ai_score, ai_score_rationale, risk_flags, stage_entered_at, created_at, updated_at) VALUES ('57818ac6-037b-55bc-9c3f-44c0df1d27c4', 'Columbus Retail Plaza Acquisition', '1e36451e-669b-4811-9b19-6845b2a5a453', 'Columbus Retail Plaza', 'Retail', 'Columbus Metro', 'InitialInterest', 'Medium', '11111111-1111-1111-1111-111111111111', NULL, 19494462.0, 0.0521, 0.144, 1.5484, '2026-08-18', NULL, NULL, NULL, '2026-03-29T18:00:00.0000000Z', '2026-03-29T18:00:00.0000000Z', '2026-03-29T18:00:00.0000000Z');
INSERT INTO deals (id, name, property_id, property_name, property_type, metro_area, stage, priority, owner_id, dead_reason, offer_price, projected_cap_rate, target_irr, equity_multiple, projected_close_date, ai_score, ai_score_rationale, risk_flags, stage_entered_at, created_at, updated_at) VALUES ('3b217425-c084-5141-8c05-4d23d3d97e2e', 'Meridian-Kessler Industrial Park Acquisition', '150db46b-33ae-463b-8184-3ee6ba0a0357', 'Meridian-Kessler Industrial Park', 'Industrial', 'Indianapolis Metro', 'InitialInterest', 'High', '22222222-2222-2222-2222-222222222222', NULL, 11284489.0, 0.061, 0.1462, 1.5847, '2026-09-24', NULL, NULL, NULL, '2026-02-16T16:00:00.0000000Z', '2026-02-16T16:00:00.0000000Z', '2026-02-16T16:00:00.0000000Z');
INSERT INTO deals (id, name, property_id, property_name, property_type, metro_area, stage, priority, owner_id, dead_reason, offer_price, projected_cap_rate, target_irr, equity_multiple, projected_close_date, ai_score, ai_score_rationale, risk_flags, stage_entered_at, created_at, updated_at) VALUES ('c8bc8949-bbe6-58f2-a07b-7c066cd78e87', 'Innovation Dr Professional Plaza Acquisition', '6fa174c5-f74c-4abc-9157-0a90c064e6c5', 'Innovation Dr Professional Plaza', 'Office', 'Pittsburgh Metro', 'InitialInterest', 'Low', '33333333-3333-3333-3333-333333333333', NULL, 5303471.0, 0.0629, 0.1295, 1.8398, '2026-08-17', NULL, NULL, NULL, '2026-05-22T02:00:00.0000000Z', '2026-05-22T02:00:00.0000000Z', '2026-05-22T02:00:00.0000000Z');
INSERT INTO deals (id, name, property_id, property_name, property_type, metro_area, stage, priority, owner_id, dead_reason, offer_price, projected_cap_rate, target_irr, equity_multiple, projected_close_date, ai_score, ai_score_rationale, risk_flags, stage_entered_at, created_at, updated_at) VALUES ('1d0b206b-e2f9-570b-aaf0-5d5e1e731528', 'South End Shopping Center Acquisition', '040771bd-6ca3-4e98-a703-3f4c94eaa1d4', 'South End Shopping Center', 'Retail', 'Charlotte Metro', 'InitialInterest', 'Medium', '44444444-4444-4444-4444-444444444444', NULL, 5582759.0, 0.0682, 0.1571, 2.1889, '2026-11-26', NULL, NULL, NULL, '2026-02-13T22:00:00.0000000Z', '2026-02-13T22:00:00.0000000Z', '2026-02-13T22:00:00.0000000Z');
INSERT INTO deals (id, name, property_id, property_name, property_type, metro_area, stage, priority, owner_id, dead_reason, offer_price, projected_cap_rate, target_irr, equity_multiple, projected_close_date, ai_score, ai_score_rationale, risk_flags, stage_entered_at, created_at, updated_at) VALUES ('3af0c9e4-516f-5744-98e7-fd7b85ea933a', 'Domain Marketplace Acquisition', '874514ab-d5f9-4a86-b37f-0aa85839fd6e', 'Domain Marketplace', 'Retail', 'Austin Metro', 'NdaLoi', 'High', '11111111-1111-1111-1111-111111111111', NULL, 22162607.0, 0.0513, 0.1799, 2.0852, '2026-08-20', NULL, NULL, NULL, '2026-06-10T07:00:00.0000000Z', '2026-05-10T22:00:00.0000000Z', '2026-06-10T07:00:00.0000000Z');
INSERT INTO deals (id, name, property_id, property_name, property_type, metro_area, stage, priority, owner_id, dead_reason, offer_price, projected_cap_rate, target_irr, equity_multiple, projected_close_date, ai_score, ai_score_rationale, risk_flags, stage_entered_at, created_at, updated_at) VALUES ('5e1a462f-ebef-59f1-b74c-eb951110d57d', 'Gateway Blvd Professional Plaza Acquisition', 'b1a59419-3a17-471c-b9f9-d5721a62230b', 'Gateway Blvd Professional Plaza', 'Office', 'Miami Metro', 'NdaLoi', 'Low', '22222222-2222-2222-2222-222222222222', NULL, 17339098.0, 0.0554, 0.1141, 2.015, '2026-09-14', NULL, NULL, NULL, '2026-01-17T01:00:00.0000000Z', '2026-01-07T21:00:00.0000000Z', '2026-01-17T01:00:00.0000000Z');
INSERT INTO deals (id, name, property_id, property_name, property_type, metro_area, stage, priority, owner_id, dead_reason, offer_price, projected_cap_rate, target_irr, equity_multiple, projected_close_date, ai_score, ai_score_rationale, risk_flags, stage_entered_at, created_at, updated_at) VALUES ('1833711c-7b68-5bbe-8ed7-c48417cfd352', 'Denver Logistics Center Acquisition', 'c9750a62-f379-4741-b4e5-29b4a9772ac4', 'Denver Logistics Center', 'Industrial', 'Denver Metro', 'NdaLoi', 'Medium', '33333333-3333-3333-3333-333333333333', NULL, 8156116.0, 0.0655, 0.1393, 1.9086, '2026-08-13', NULL, NULL, NULL, '2026-01-28T15:00:00.0000000Z', '2026-01-05T05:00:00.0000000Z', '2026-01-28T15:00:00.0000000Z');
INSERT INTO deals (id, name, property_id, property_name, property_type, metro_area, stage, priority, owner_id, dead_reason, offer_price, projected_cap_rate, target_irr, equity_multiple, projected_close_date, ai_score, ai_score_rationale, risk_flags, stage_entered_at, created_at, updated_at) VALUES ('ec22ba30-0d9a-5c77-98f0-cae88a4a3f17', 'Central Jersey Industrial Corridor Shopping Center Acquisition', 'b7825dcf-5a0d-4979-8bb1-6ee734a04d7d', 'Central Jersey Industrial Corridor Shopping Center', 'Retail', 'New York Metro', 'NdaLoi', 'High', '44444444-4444-4444-4444-444444444444', NULL, 6061889.0, 0.0587, 0.1148, 1.671, '2026-12-05', NULL, NULL, NULL, '2026-04-18T23:00:00.0000000Z', '2026-04-05T20:00:00.0000000Z', '2026-04-18T23:00:00.0000000Z');
INSERT INTO deals (id, name, property_id, property_name, property_type, metro_area, stage, priority, owner_id, dead_reason, offer_price, projected_cap_rate, target_irr, equity_multiple, projected_close_date, ai_score, ai_score_rationale, risk_flags, stage_entered_at, created_at, updated_at) VALUES ('a358a04c-7782-5766-b16f-8361d0ee595e', 'Pearl District Industrial Park Acquisition', '14c47b87-2b97-4575-b3fe-a78ce4d50621', 'Pearl District Industrial Park', 'Industrial', 'Portland Metro', 'NdaLoi', 'Low', '11111111-1111-1111-1111-111111111111', NULL, 22354029.0, 0.0651, 0.1602, 1.6425, '2026-09-13', NULL, NULL, NULL, '2026-05-12T00:00:00.0000000Z', '2026-05-02T19:00:00.0000000Z', '2026-05-12T00:00:00.0000000Z');
INSERT INTO deals (id, name, property_id, property_name, property_type, metro_area, stage, priority, owner_id, dead_reason, offer_price, projected_cap_rate, target_irr, equity_multiple, projected_close_date, ai_score, ai_score_rationale, risk_flags, stage_entered_at, created_at, updated_at) VALUES ('5063bf26-49eb-5551-baa9-2759eb029213', 'The Short North Acquisition', 'fe1f8c5a-f04a-4777-8881-fabcf57a134a', 'The Short North', 'Apartment', 'Columbus Metro', 'UnderwritingReview', 'Medium', '22222222-2222-2222-2222-222222222222', NULL, 19079779.0, 0.0592, 0.1487, 1.8009, '2026-11-22', NULL, NULL, NULL, '2026-06-20T14:00:00.0000000Z', '2026-05-02T10:00:00.0000000Z', '2026-06-20T14:00:00.0000000Z');
INSERT INTO deals (id, name, property_id, property_name, property_type, metro_area, stage, priority, owner_id, dead_reason, offer_price, projected_cap_rate, target_irr, equity_multiple, projected_close_date, ai_score, ai_score_rationale, risk_flags, stage_entered_at, created_at, updated_at) VALUES ('7c449c19-e9bf-5467-afd2-f85821d48137', 'Downtown LA Shopping Center Acquisition', '90694620-e8bd-4841-88c1-f4e6421f1055', 'Downtown LA Shopping Center', 'Retail', 'Los Angeles Metro', 'UnderwritingReview', 'High', '33333333-3333-3333-3333-333333333333', NULL, 16650257.0, 0.0667, 0.1615, 1.6737, '2026-11-18', NULL, NULL, NULL, '2026-07-21T20:00:00.0000000Z', '2026-05-24T07:00:00.0000000Z', '2026-07-21T20:00:00.0000000Z');
INSERT INTO deals (id, name, property_id, property_name, property_type, metro_area, stage, priority, owner_id, dead_reason, offer_price, projected_cap_rate, target_irr, equity_multiple, projected_close_date, ai_score, ai_score_rationale, risk_flags, stage_entered_at, created_at, updated_at) VALUES ('6b8d7cfe-267d-5896-a2ec-cf23da63cfad', 'Crossroads Arts District Marketplace Acquisition', '22208b79-ea27-4af5-b6c6-9538206ed060', 'Crossroads Arts District Marketplace', 'Retail', 'Kansas City Metro', 'UnderwritingReview', 'Low', '44444444-4444-4444-4444-444444444444', NULL, 9830722.0, 0.0645, 0.1788, 1.5268, '2026-08-30', NULL, NULL, NULL, '2026-03-12T01:00:00.0000000Z', '2026-02-16T19:00:00.0000000Z', '2026-03-12T01:00:00.0000000Z');
INSERT INTO deals (id, name, property_id, property_name, property_type, metro_area, stage, priority, owner_id, dead_reason, offer_price, projected_cap_rate, target_irr, equity_multiple, projected_close_date, ai_score, ai_score_rationale, risk_flags, stage_entered_at, created_at, updated_at) VALUES ('d3c64206-2ae0-5405-8151-b60f27b3843d', 'Seattle Flex Campus Acquisition', '27dd2a58-cb77-4068-9405-723b0d15375f', 'Seattle Flex Campus', 'Industrial', 'Seattle Metro', 'UnderwritingReview', 'Medium', '11111111-1111-1111-1111-111111111111', NULL, 22942509.0, 0.0601, 0.1307, 1.5891, '2026-09-18', NULL, NULL, NULL, '2026-06-15T15:00:00.0000000Z', '2026-04-29T03:00:00.0000000Z', '2026-06-15T15:00:00.0000000Z');
INSERT INTO deals (id, name, property_id, property_name, property_type, metro_area, stage, priority, owner_id, dead_reason, offer_price, projected_cap_rate, target_irr, equity_multiple, projected_close_date, ai_score, ai_score_rationale, risk_flags, stage_entered_at, created_at, updated_at) VALUES ('f2f98ba1-9bb7-5944-8f1f-a38de4c5c49c', 'Phoenix Logistics Center Acquisition', '63d49bb6-c3cf-4215-bcfc-b7be77d84263', 'Phoenix Logistics Center', 'Industrial', 'Phoenix Metro', 'UnderwritingReview', 'High', '22222222-2222-2222-2222-222222222222', NULL, 3552990.0, 0.0584, 0.1673, 2.0258, '2026-10-26', NULL, NULL, NULL, '2026-05-28T06:00:00.0000000Z', '2026-04-17T10:00:00.0000000Z', '2026-05-28T06:00:00.0000000Z');
INSERT INTO deals (id, name, property_id, property_name, property_type, metro_area, stage, priority, owner_id, dead_reason, offer_price, projected_cap_rate, target_irr, equity_multiple, projected_close_date, ai_score, ai_score_rationale, risk_flags, stage_entered_at, created_at, updated_at) VALUES ('20d3e628-ad4b-579e-b61f-b9d64aa15de9', 'Phoenix Logistics Center - Building 4 Acquisition', '7c025cc8-b5d3-4e79-9b0d-cca61ea2c6c0', 'Phoenix Logistics Center - Building 4', 'Industrial', 'Phoenix Metro', 'InvestmentCommittee', 'Low', '33333333-3333-3333-3333-333333333333', NULL, 37692695.0, 0.0639, 0.1742, 1.585, '2026-08-14', NULL, NULL, NULL, '2026-07-05T22:00:00.0000000Z', '2026-05-02T23:00:00.0000000Z', '2026-07-05T22:00:00.0000000Z');
INSERT INTO deals (id, name, property_id, property_name, property_type, metro_area, stage, priority, owner_id, dead_reason, offer_price, projected_cap_rate, target_irr, equity_multiple, projected_close_date, ai_score, ai_score_rationale, risk_flags, stage_entered_at, created_at, updated_at) VALUES ('10c8ca26-89d6-5bb6-b909-542ac02cf7b1', 'Wynwood Marketplace Acquisition', '9ef67648-7c43-4cee-948e-ae03e8fc9daa', 'Wynwood Marketplace', 'Retail', 'Miami Metro', 'InvestmentCommittee', 'Medium', '44444444-4444-4444-4444-444444444444', NULL, 10111015.0, 0.0559, 0.1335, 2.1251, '2026-09-13', NULL, NULL, NULL, '2026-03-03T21:00:00.0000000Z', '2026-01-16T21:00:00.0000000Z', '2026-03-03T21:00:00.0000000Z');
INSERT INTO deals (id, name, property_id, property_name, property_type, metro_area, stage, priority, owner_id, dead_reason, offer_price, projected_cap_rate, target_irr, equity_multiple, projected_close_date, ai_score, ai_score_rationale, risk_flags, stage_entered_at, created_at, updated_at) VALUES ('77824222-436d-5770-8522-977049b93056', 'The Ybor City Acquisition', '642b06de-2cc2-49fd-9736-ead63fa8f026', 'The Ybor City', 'Apartment', 'Tampa Metro', 'InvestmentCommittee', 'High', '11111111-1111-1111-1111-111111111111', NULL, 3739196.0, 0.07, 0.1728, 1.8418, '2026-10-16', NULL, NULL, NULL, '2026-05-16T07:00:00.0000000Z', '2026-03-01T03:00:00.0000000Z', '2026-05-16T07:00:00.0000000Z');
INSERT INTO deals (id, name, property_id, property_name, property_type, metro_area, stage, priority, owner_id, dead_reason, offer_price, projected_cap_rate, target_irr, equity_multiple, projected_close_date, ai_score, ai_score_rationale, risk_flags, stage_entered_at, created_at, updated_at) VALUES ('4f8b79bc-76fe-5dc1-8036-9a272b1cced4', 'Nashville Flex Campus Acquisition', '665aced0-6c36-48a6-9798-6a66fb0b2bfa', 'Nashville Flex Campus', 'Industrial', 'Nashville Metro', 'Acquired', 'Low', '22222222-2222-2222-2222-222222222222', NULL, 9551638.0, 0.057, 0.1766, 1.7951, NULL, NULL, NULL, NULL, '2026-06-16T11:00:00.0000000Z', '2026-04-14T11:00:00.0000000Z', '2026-06-16T11:00:00.0000000Z');
INSERT INTO deals (id, name, property_id, property_name, property_type, metro_area, stage, priority, owner_id, dead_reason, offer_price, projected_cap_rate, target_irr, equity_multiple, projected_close_date, ai_score, ai_score_rationale, risk_flags, stage_entered_at, created_at, updated_at) VALUES ('42daad9a-0872-5c3b-a264-86b957ea0e18', 'SoDo Office Tower Acquisition', 'de85132f-fa43-48b8-aa9f-182c56a1dc0e', 'SoDo Office Tower', 'Office', 'Seattle Metro', 'Acquired', 'Medium', '33333333-3333-3333-3333-333333333333', NULL, 65416314.0, 0.0645, 0.175, 1.9031, NULL, NULL, NULL, NULL, '2026-07-21T12:00:00.0000000Z', '2026-04-17T17:00:00.0000000Z', '2026-07-21T12:00:00.0000000Z');
INSERT INTO deals (id, name, property_id, property_name, property_type, metro_area, stage, priority, owner_id, dead_reason, offer_price, projected_cap_rate, target_irr, equity_multiple, projected_close_date, ai_score, ai_score_rationale, risk_flags, stage_entered_at, created_at, updated_at) VALUES ('12b10dbb-acee-5a75-87f2-e985725c82e3', 'Indianapolis Flex Campus Acquisition', 'd660bfb7-291e-4eb1-9958-c9cac95f1ba7', 'Indianapolis Flex Campus', 'Industrial', 'Indianapolis Metro', 'Dead', 'High', '44444444-4444-4444-4444-444444444444', 'SellerWithdrew', 8151111.0, 0.0723, 0.1422, 1.6071, NULL, NULL, NULL, NULL, '2026-03-08T15:00:00.0000000Z', '2026-01-25T09:00:00.0000000Z', '2026-03-08T15:00:00.0000000Z');
INSERT INTO deals (id, name, property_id, property_name, property_type, metro_area, stage, priority, owner_id, dead_reason, offer_price, projected_cap_rate, target_irr, equity_multiple, projected_close_date, ai_score, ai_score_rationale, risk_flags, stage_entered_at, created_at, updated_at) VALUES ('eff3efe9-33df-5766-ad9f-57a45ff5a8d1', 'Camelback Corridor Industrial Park Acquisition', '32e69711-0872-4ddd-a206-db4a9adfaf3c', 'Camelback Corridor Industrial Park', 'Industrial', 'Phoenix Metro', 'Dead', 'Low', '11111111-1111-1111-1111-111111111111', 'BetterDealFound', 11180434.0, 0.0561, 0.1425, 1.9272, NULL, NULL, NULL, NULL, '2026-05-26T04:00:00.0000000Z', '2026-05-08T04:00:00.0000000Z', '2026-05-26T04:00:00.0000000Z');
INSERT INTO deals (id, name, property_id, property_name, property_type, metro_area, stage, priority, owner_id, dead_reason, offer_price, projected_cap_rate, target_irr, equity_multiple, projected_close_date, ai_score, ai_score_rationale, risk_flags, stage_entered_at, created_at, updated_at) VALUES ('2301fcae-19c8-5bf4-a104-ad3a75b22130', 'Metro Pkwy Warehouse Complex - Building 4 Acquisition', 'e5beb17e-ce4a-468e-87f2-4e5cfa350a04', 'Metro Pkwy Warehouse Complex - Building 4', 'Industrial', 'Denver Metro', 'Dead', 'Medium', '22222222-2222-2222-2222-222222222222', 'PricingGap', 7103812.0, 0.0639, 0.1462, 1.6337, NULL, NULL, NULL, NULL, '2026-04-09T16:00:00.0000000Z', '2026-03-04T04:00:00.0000000Z', '2026-04-09T16:00:00.0000000Z');

-- deal_stage_history: 62 rows
INSERT INTO deal_stage_history (id, deal_id, from_stage, to_stage, changed_by_id, changed_at, days_in_stage, reason) VALUES ('a4147f4e-4822-55fc-8517-1b3b7ce8e2de', '2709f0cb-bbd1-53eb-8e34-1aff6f024006', NULL, 'InitialInterest', '22222222-2222-2222-2222-222222222222', '2026-02-09T18:00:00.0000000Z', NULL, NULL);
INSERT INTO deal_stage_history (id, deal_id, from_stage, to_stage, changed_by_id, changed_at, days_in_stage, reason) VALUES ('b728a203-9987-5452-a66d-8d2a7dc1926b', '579497b8-6629-5bc5-a715-fb525a82eea8', NULL, 'InitialInterest', '33333333-3333-3333-3333-333333333333', '2026-01-09T12:00:00.0000000Z', NULL, NULL);
INSERT INTO deal_stage_history (id, deal_id, from_stage, to_stage, changed_by_id, changed_at, days_in_stage, reason) VALUES ('f9c8366b-5fc9-51e8-ae8b-17d325f965bb', '3f2bfae6-a2be-51be-97f4-da49c179dd89', NULL, 'InitialInterest', '44444444-4444-4444-4444-444444444444', '2026-03-14T16:00:00.0000000Z', NULL, NULL);
INSERT INTO deal_stage_history (id, deal_id, from_stage, to_stage, changed_by_id, changed_at, days_in_stage, reason) VALUES ('ec52ce2c-6cec-516a-80b8-2a0ceae8a7a7', '57818ac6-037b-55bc-9c3f-44c0df1d27c4', NULL, 'InitialInterest', '11111111-1111-1111-1111-111111111111', '2026-03-29T18:00:00.0000000Z', NULL, NULL);
INSERT INTO deal_stage_history (id, deal_id, from_stage, to_stage, changed_by_id, changed_at, days_in_stage, reason) VALUES ('c5f7954a-2b9a-571a-b0a9-f7529ff9cd54', '3b217425-c084-5141-8c05-4d23d3d97e2e', NULL, 'InitialInterest', '22222222-2222-2222-2222-222222222222', '2026-02-16T16:00:00.0000000Z', NULL, NULL);
INSERT INTO deal_stage_history (id, deal_id, from_stage, to_stage, changed_by_id, changed_at, days_in_stage, reason) VALUES ('440c819f-33bb-5f1d-b989-d7bf6a5977af', 'c8bc8949-bbe6-58f2-a07b-7c066cd78e87', NULL, 'InitialInterest', '33333333-3333-3333-3333-333333333333', '2026-05-22T02:00:00.0000000Z', NULL, NULL);
INSERT INTO deal_stage_history (id, deal_id, from_stage, to_stage, changed_by_id, changed_at, days_in_stage, reason) VALUES ('87e757e2-abbd-59c3-8eea-7940792038a1', '1d0b206b-e2f9-570b-aaf0-5d5e1e731528', NULL, 'InitialInterest', '44444444-4444-4444-4444-444444444444', '2026-02-13T22:00:00.0000000Z', NULL, NULL);
INSERT INTO deal_stage_history (id, deal_id, from_stage, to_stage, changed_by_id, changed_at, days_in_stage, reason) VALUES ('c7a16291-4369-5427-a10d-75cb01a87cc6', '3af0c9e4-516f-5744-98e7-fd7b85ea933a', NULL, 'InitialInterest', '11111111-1111-1111-1111-111111111111', '2026-05-10T22:00:00.0000000Z', NULL, NULL);
INSERT INTO deal_stage_history (id, deal_id, from_stage, to_stage, changed_by_id, changed_at, days_in_stage, reason) VALUES ('8dfa4cd8-3dc3-5bc7-a903-403499211f71', '3af0c9e4-516f-5744-98e7-fd7b85ea933a', 'InitialInterest', 'NdaLoi', '11111111-1111-1111-1111-111111111111', '2026-06-10T07:00:00.0000000Z', 30, NULL);
INSERT INTO deal_stage_history (id, deal_id, from_stage, to_stage, changed_by_id, changed_at, days_in_stage, reason) VALUES ('e3e4c679-ee04-5eca-b57c-7036ce93126b', '5e1a462f-ebef-59f1-b74c-eb951110d57d', NULL, 'InitialInterest', '22222222-2222-2222-2222-222222222222', '2026-01-07T21:00:00.0000000Z', NULL, NULL);
INSERT INTO deal_stage_history (id, deal_id, from_stage, to_stage, changed_by_id, changed_at, days_in_stage, reason) VALUES ('17cb1a16-a975-5da1-853a-ea573308c3bc', '5e1a462f-ebef-59f1-b74c-eb951110d57d', 'InitialInterest', 'NdaLoi', '22222222-2222-2222-2222-222222222222', '2026-01-17T01:00:00.0000000Z', 9, NULL);
INSERT INTO deal_stage_history (id, deal_id, from_stage, to_stage, changed_by_id, changed_at, days_in_stage, reason) VALUES ('632c378c-153a-5663-be61-6ca25901cd94', '1833711c-7b68-5bbe-8ed7-c48417cfd352', NULL, 'InitialInterest', '33333333-3333-3333-3333-333333333333', '2026-01-05T05:00:00.0000000Z', NULL, NULL);
INSERT INTO deal_stage_history (id, deal_id, from_stage, to_stage, changed_by_id, changed_at, days_in_stage, reason) VALUES ('08769974-0ee4-5b6e-b755-b696f88084e9', '1833711c-7b68-5bbe-8ed7-c48417cfd352', 'InitialInterest', 'NdaLoi', '33333333-3333-3333-3333-333333333333', '2026-01-28T15:00:00.0000000Z', 23, NULL);
INSERT INTO deal_stage_history (id, deal_id, from_stage, to_stage, changed_by_id, changed_at, days_in_stage, reason) VALUES ('2faeb7a2-337c-5884-84f9-ca547b5deb3d', 'ec22ba30-0d9a-5c77-98f0-cae88a4a3f17', NULL, 'InitialInterest', '44444444-4444-4444-4444-444444444444', '2026-04-05T20:00:00.0000000Z', NULL, NULL);
INSERT INTO deal_stage_history (id, deal_id, from_stage, to_stage, changed_by_id, changed_at, days_in_stage, reason) VALUES ('936901c0-3325-5d8f-b2cd-fcd6ec546677', 'ec22ba30-0d9a-5c77-98f0-cae88a4a3f17', 'InitialInterest', 'NdaLoi', '44444444-4444-4444-4444-444444444444', '2026-04-18T23:00:00.0000000Z', 13, NULL);
INSERT INTO deal_stage_history (id, deal_id, from_stage, to_stage, changed_by_id, changed_at, days_in_stage, reason) VALUES ('83ba492e-2e3b-530b-b2c3-396984de9519', 'a358a04c-7782-5766-b16f-8361d0ee595e', NULL, 'InitialInterest', '11111111-1111-1111-1111-111111111111', '2026-05-02T19:00:00.0000000Z', NULL, NULL);
INSERT INTO deal_stage_history (id, deal_id, from_stage, to_stage, changed_by_id, changed_at, days_in_stage, reason) VALUES ('a8f9c2da-f234-5f0c-a26c-1841b31bf119', 'a358a04c-7782-5766-b16f-8361d0ee595e', 'InitialInterest', 'NdaLoi', '11111111-1111-1111-1111-111111111111', '2026-05-12T00:00:00.0000000Z', 9, NULL);
INSERT INTO deal_stage_history (id, deal_id, from_stage, to_stage, changed_by_id, changed_at, days_in_stage, reason) VALUES ('ce64605b-bd04-53ae-b5aa-771b3246f624', '5063bf26-49eb-5551-baa9-2759eb029213', NULL, 'InitialInterest', '22222222-2222-2222-2222-222222222222', '2026-05-02T10:00:00.0000000Z', NULL, NULL);
INSERT INTO deal_stage_history (id, deal_id, from_stage, to_stage, changed_by_id, changed_at, days_in_stage, reason) VALUES ('6405be0b-85c9-5eb5-b697-91b455477604', '5063bf26-49eb-5551-baa9-2759eb029213', 'InitialInterest', 'NdaLoi', '22222222-2222-2222-2222-222222222222', '2026-05-29T13:00:00.0000000Z', 27, NULL);
INSERT INTO deal_stage_history (id, deal_id, from_stage, to_stage, changed_by_id, changed_at, days_in_stage, reason) VALUES ('576405e9-a71b-5ebe-af42-e26d91bd901c', '5063bf26-49eb-5551-baa9-2759eb029213', 'NdaLoi', 'UnderwritingReview', '22222222-2222-2222-2222-222222222222', '2026-06-20T14:00:00.0000000Z', 22, NULL);
INSERT INTO deal_stage_history (id, deal_id, from_stage, to_stage, changed_by_id, changed_at, days_in_stage, reason) VALUES ('fcef401f-ebef-5acb-aeae-800ad848e939', '7c449c19-e9bf-5467-afd2-f85821d48137', NULL, 'InitialInterest', '33333333-3333-3333-3333-333333333333', '2026-05-24T07:00:00.0000000Z', NULL, NULL);
INSERT INTO deal_stage_history (id, deal_id, from_stage, to_stage, changed_by_id, changed_at, days_in_stage, reason) VALUES ('51dde5f9-3ef6-5709-b896-6e41ab98195a', '7c449c19-e9bf-5467-afd2-f85821d48137', 'InitialInterest', 'NdaLoi', '33333333-3333-3333-3333-333333333333', '2026-06-21T13:00:00.0000000Z', 28, NULL);
INSERT INTO deal_stage_history (id, deal_id, from_stage, to_stage, changed_by_id, changed_at, days_in_stage, reason) VALUES ('42fc2f50-34d5-5b89-985c-3a4a5a9d1c35', '7c449c19-e9bf-5467-afd2-f85821d48137', 'NdaLoi', 'UnderwritingReview', '33333333-3333-3333-3333-333333333333', '2026-07-21T20:00:00.0000000Z', 30, NULL);
INSERT INTO deal_stage_history (id, deal_id, from_stage, to_stage, changed_by_id, changed_at, days_in_stage, reason) VALUES ('057fbda0-27c1-5269-a948-b9a514288f18', '6b8d7cfe-267d-5896-a2ec-cf23da63cfad', NULL, 'InitialInterest', '44444444-4444-4444-4444-444444444444', '2026-02-16T19:00:00.0000000Z', NULL, NULL);
INSERT INTO deal_stage_history (id, deal_id, from_stage, to_stage, changed_by_id, changed_at, days_in_stage, reason) VALUES ('eb5a24f8-ceab-58fe-92b5-8f8baf869d60', '6b8d7cfe-267d-5896-a2ec-cf23da63cfad', 'InitialInterest', 'NdaLoi', '44444444-4444-4444-4444-444444444444', '2026-03-03T20:00:00.0000000Z', 15, NULL);
INSERT INTO deal_stage_history (id, deal_id, from_stage, to_stage, changed_by_id, changed_at, days_in_stage, reason) VALUES ('71a069a1-4eff-5d3d-8e56-c15c0a2dabc2', '6b8d7cfe-267d-5896-a2ec-cf23da63cfad', 'NdaLoi', 'UnderwritingReview', '44444444-4444-4444-4444-444444444444', '2026-03-12T01:00:00.0000000Z', 8, NULL);
INSERT INTO deal_stage_history (id, deal_id, from_stage, to_stage, changed_by_id, changed_at, days_in_stage, reason) VALUES ('95e3eaa7-a2e2-53ca-a35b-9335b0642d4d', 'd3c64206-2ae0-5405-8151-b60f27b3843d', NULL, 'InitialInterest', '11111111-1111-1111-1111-111111111111', '2026-04-29T03:00:00.0000000Z', NULL, NULL);
INSERT INTO deal_stage_history (id, deal_id, from_stage, to_stage, changed_by_id, changed_at, days_in_stage, reason) VALUES ('a90899e9-8528-55e1-b23c-66255ca1eecb', 'd3c64206-2ae0-5405-8151-b60f27b3843d', 'InitialInterest', 'NdaLoi', '11111111-1111-1111-1111-111111111111', '2026-05-20T08:00:00.0000000Z', 21, NULL);
INSERT INTO deal_stage_history (id, deal_id, from_stage, to_stage, changed_by_id, changed_at, days_in_stage, reason) VALUES ('16d9716b-0e2e-52f1-bcae-8793dc1d55ea', 'd3c64206-2ae0-5405-8151-b60f27b3843d', 'NdaLoi', 'UnderwritingReview', '11111111-1111-1111-1111-111111111111', '2026-06-15T15:00:00.0000000Z', 26, NULL);
INSERT INTO deal_stage_history (id, deal_id, from_stage, to_stage, changed_by_id, changed_at, days_in_stage, reason) VALUES ('0c82aa82-1542-5663-bfd2-07a16b289936', 'f2f98ba1-9bb7-5944-8f1f-a38de4c5c49c', NULL, 'InitialInterest', '22222222-2222-2222-2222-222222222222', '2026-04-17T10:00:00.0000000Z', NULL, NULL);
INSERT INTO deal_stage_history (id, deal_id, from_stage, to_stage, changed_by_id, changed_at, days_in_stage, reason) VALUES ('278cc138-ed7f-5ee0-9100-67d0b211a3d0', 'f2f98ba1-9bb7-5944-8f1f-a38de4c5c49c', 'InitialInterest', 'NdaLoi', '22222222-2222-2222-2222-222222222222', '2026-05-01T19:00:00.0000000Z', 14, NULL);
INSERT INTO deal_stage_history (id, deal_id, from_stage, to_stage, changed_by_id, changed_at, days_in_stage, reason) VALUES ('f7116956-444a-53d1-9f4a-41c2e92e0755', 'f2f98ba1-9bb7-5944-8f1f-a38de4c5c49c', 'NdaLoi', 'UnderwritingReview', '22222222-2222-2222-2222-222222222222', '2026-05-28T06:00:00.0000000Z', 26, NULL);
INSERT INTO deal_stage_history (id, deal_id, from_stage, to_stage, changed_by_id, changed_at, days_in_stage, reason) VALUES ('80e7df62-9b54-536c-9f97-14463056a3f3', '20d3e628-ad4b-579e-b61f-b9d64aa15de9', NULL, 'InitialInterest', '33333333-3333-3333-3333-333333333333', '2026-05-02T23:00:00.0000000Z', NULL, NULL);
INSERT INTO deal_stage_history (id, deal_id, from_stage, to_stage, changed_by_id, changed_at, days_in_stage, reason) VALUES ('cacfec4a-8c7a-5624-aa38-a9ddd80259a4', '20d3e628-ad4b-579e-b61f-b9d64aa15de9', 'InitialInterest', 'NdaLoi', '33333333-3333-3333-3333-333333333333', '2026-05-15T02:00:00.0000000Z', 12, NULL);
INSERT INTO deal_stage_history (id, deal_id, from_stage, to_stage, changed_by_id, changed_at, days_in_stage, reason) VALUES ('bfa5eb6b-a253-53a2-9000-19d1080d0f12', '20d3e628-ad4b-579e-b61f-b9d64aa15de9', 'NdaLoi', 'UnderwritingReview', '33333333-3333-3333-3333-333333333333', '2026-06-14T14:00:00.0000000Z', 30, NULL);
INSERT INTO deal_stage_history (id, deal_id, from_stage, to_stage, changed_by_id, changed_at, days_in_stage, reason) VALUES ('386108c6-1887-5372-9b41-cfa047e005d1', '20d3e628-ad4b-579e-b61f-b9d64aa15de9', 'UnderwritingReview', 'InvestmentCommittee', '33333333-3333-3333-3333-333333333333', '2026-07-05T22:00:00.0000000Z', 21, NULL);
INSERT INTO deal_stage_history (id, deal_id, from_stage, to_stage, changed_by_id, changed_at, days_in_stage, reason) VALUES ('8e7d3da0-6f2f-5c41-960f-87cdbd2b5963', '10c8ca26-89d6-5bb6-b909-542ac02cf7b1', NULL, 'InitialInterest', '44444444-4444-4444-4444-444444444444', '2026-01-16T21:00:00.0000000Z', NULL, NULL);
INSERT INTO deal_stage_history (id, deal_id, from_stage, to_stage, changed_by_id, changed_at, days_in_stage, reason) VALUES ('9abe564f-4d94-5691-9662-35ddf82a7c56', '10c8ca26-89d6-5bb6-b909-542ac02cf7b1', 'InitialInterest', 'NdaLoi', '44444444-4444-4444-4444-444444444444', '2026-02-11T01:00:00.0000000Z', 25, NULL);
INSERT INTO deal_stage_history (id, deal_id, from_stage, to_stage, changed_by_id, changed_at, days_in_stage, reason) VALUES ('939ac10f-54df-5e6e-a474-7c85af837cf6', '10c8ca26-89d6-5bb6-b909-542ac02cf7b1', 'NdaLoi', 'UnderwritingReview', '44444444-4444-4444-4444-444444444444', '2026-02-24T09:00:00.0000000Z', 13, NULL);
INSERT INTO deal_stage_history (id, deal_id, from_stage, to_stage, changed_by_id, changed_at, days_in_stage, reason) VALUES ('55e6d3e6-9e99-5776-81aa-fe3a8f544f3f', '10c8ca26-89d6-5bb6-b909-542ac02cf7b1', 'UnderwritingReview', 'InvestmentCommittee', '44444444-4444-4444-4444-444444444444', '2026-03-03T21:00:00.0000000Z', 7, NULL);
INSERT INTO deal_stage_history (id, deal_id, from_stage, to_stage, changed_by_id, changed_at, days_in_stage, reason) VALUES ('cecb3001-cc92-5805-8b8f-9a12398e6b0f', '77824222-436d-5770-8522-977049b93056', NULL, 'InitialInterest', '11111111-1111-1111-1111-111111111111', '2026-03-01T03:00:00.0000000Z', NULL, NULL);
INSERT INTO deal_stage_history (id, deal_id, from_stage, to_stage, changed_by_id, changed_at, days_in_stage, reason) VALUES ('f7702a6a-10d6-51f0-adbe-e5355c6f6a3b', '77824222-436d-5770-8522-977049b93056', 'InitialInterest', 'NdaLoi', '11111111-1111-1111-1111-111111111111', '2026-03-30T10:00:00.0000000Z', 29, NULL);
INSERT INTO deal_stage_history (id, deal_id, from_stage, to_stage, changed_by_id, changed_at, days_in_stage, reason) VALUES ('ccff747d-3ee1-5a3c-a4d1-8d465a2abe0a', '77824222-436d-5770-8522-977049b93056', 'NdaLoi', 'UnderwritingReview', '11111111-1111-1111-1111-111111111111', '2026-04-17T19:00:00.0000000Z', 18, NULL);
INSERT INTO deal_stage_history (id, deal_id, from_stage, to_stage, changed_by_id, changed_at, days_in_stage, reason) VALUES ('61111d55-da08-5142-b1d0-8365b744f2cc', '77824222-436d-5770-8522-977049b93056', 'UnderwritingReview', 'InvestmentCommittee', '11111111-1111-1111-1111-111111111111', '2026-05-16T07:00:00.0000000Z', 28, NULL);
INSERT INTO deal_stage_history (id, deal_id, from_stage, to_stage, changed_by_id, changed_at, days_in_stage, reason) VALUES ('fe6004a8-c044-5613-a558-0df6e36e03a9', '4f8b79bc-76fe-5dc1-8036-9a272b1cced4', NULL, 'InitialInterest', '22222222-2222-2222-2222-222222222222', '2026-04-14T11:00:00.0000000Z', NULL, NULL);
INSERT INTO deal_stage_history (id, deal_id, from_stage, to_stage, changed_by_id, changed_at, days_in_stage, reason) VALUES ('34adb278-f538-5762-b88a-e98d8f58b20c', '4f8b79bc-76fe-5dc1-8036-9a272b1cced4', 'InitialInterest', 'NdaLoi', '22222222-2222-2222-2222-222222222222', '2026-04-27T18:00:00.0000000Z', 13, NULL);
INSERT INTO deal_stage_history (id, deal_id, from_stage, to_stage, changed_by_id, changed_at, days_in_stage, reason) VALUES ('7e7b8006-969c-5d15-891d-312e91e150f6', '4f8b79bc-76fe-5dc1-8036-9a272b1cced4', 'NdaLoi', 'UnderwritingReview', '22222222-2222-2222-2222-222222222222', '2026-05-12T22:00:00.0000000Z', 15, NULL);
INSERT INTO deal_stage_history (id, deal_id, from_stage, to_stage, changed_by_id, changed_at, days_in_stage, reason) VALUES ('16132420-4cf4-5e32-897d-97c83d0b6c81', '4f8b79bc-76fe-5dc1-8036-9a272b1cced4', 'UnderwritingReview', 'InvestmentCommittee', '22222222-2222-2222-2222-222222222222', '2026-06-01T04:00:00.0000000Z', 19, NULL);
INSERT INTO deal_stage_history (id, deal_id, from_stage, to_stage, changed_by_id, changed_at, days_in_stage, reason) VALUES ('97d2ebf6-5dd5-5562-93f9-512abb2f58aa', '4f8b79bc-76fe-5dc1-8036-9a272b1cced4', 'InvestmentCommittee', 'Acquired', '22222222-2222-2222-2222-222222222222', '2026-06-16T11:00:00.0000000Z', 15, NULL);
INSERT INTO deal_stage_history (id, deal_id, from_stage, to_stage, changed_by_id, changed_at, days_in_stage, reason) VALUES ('186466ec-e3f0-525b-898b-7a362c02510a', '42daad9a-0872-5c3b-a264-86b957ea0e18', NULL, 'InitialInterest', '33333333-3333-3333-3333-333333333333', '2026-04-17T17:00:00.0000000Z', NULL, NULL);
INSERT INTO deal_stage_history (id, deal_id, from_stage, to_stage, changed_by_id, changed_at, days_in_stage, reason) VALUES ('7e2fda7c-e298-5a82-b6d0-2c1316eff176', '42daad9a-0872-5c3b-a264-86b957ea0e18', 'InitialInterest', 'NdaLoi', '33333333-3333-3333-3333-333333333333', '2026-05-12T05:00:00.0000000Z', 24, NULL);
INSERT INTO deal_stage_history (id, deal_id, from_stage, to_stage, changed_by_id, changed_at, days_in_stage, reason) VALUES ('3d62992e-0b43-5103-b385-f25b6073e260', '42daad9a-0872-5c3b-a264-86b957ea0e18', 'NdaLoi', 'UnderwritingReview', '33333333-3333-3333-3333-333333333333', '2026-06-08T07:00:00.0000000Z', 27, NULL);
INSERT INTO deal_stage_history (id, deal_id, from_stage, to_stage, changed_by_id, changed_at, days_in_stage, reason) VALUES ('af50599b-a019-52dc-9602-836a738ed89a', '42daad9a-0872-5c3b-a264-86b957ea0e18', 'UnderwritingReview', 'InvestmentCommittee', '33333333-3333-3333-3333-333333333333', '2026-07-07T10:00:00.0000000Z', 29, NULL);
INSERT INTO deal_stage_history (id, deal_id, from_stage, to_stage, changed_by_id, changed_at, days_in_stage, reason) VALUES ('8c325f13-334a-5a66-99f1-0c8cd6ff9b11', '42daad9a-0872-5c3b-a264-86b957ea0e18', 'InvestmentCommittee', 'Acquired', '33333333-3333-3333-3333-333333333333', '2026-07-21T12:00:00.0000000Z', 14, NULL);
INSERT INTO deal_stage_history (id, deal_id, from_stage, to_stage, changed_by_id, changed_at, days_in_stage, reason) VALUES ('69fc3e6a-156c-5921-ad8b-86094172a288', '12b10dbb-acee-5a75-87f2-e985725c82e3', NULL, 'InitialInterest', '44444444-4444-4444-4444-444444444444', '2026-01-25T09:00:00.0000000Z', NULL, NULL);
INSERT INTO deal_stage_history (id, deal_id, from_stage, to_stage, changed_by_id, changed_at, days_in_stage, reason) VALUES ('f8294027-a919-5d9e-86b1-306bd8dee68b', '12b10dbb-acee-5a75-87f2-e985725c82e3', 'InitialInterest', 'NdaLoi', '44444444-4444-4444-4444-444444444444', '2026-02-12T15:00:00.0000000Z', 18, NULL);
INSERT INTO deal_stage_history (id, deal_id, from_stage, to_stage, changed_by_id, changed_at, days_in_stage, reason) VALUES ('8c5bce1b-566d-56ec-984c-458d1c5f3d1c', '12b10dbb-acee-5a75-87f2-e985725c82e3', 'NdaLoi', 'Dead', '44444444-4444-4444-4444-444444444444', '2026-03-08T15:00:00.0000000Z', 24, 'SellerWithdrew');
INSERT INTO deal_stage_history (id, deal_id, from_stage, to_stage, changed_by_id, changed_at, days_in_stage, reason) VALUES ('163b1f18-984d-5955-9b3d-ff9f651510b1', 'eff3efe9-33df-5766-ad9f-57a45ff5a8d1', NULL, 'InitialInterest', '11111111-1111-1111-1111-111111111111', '2026-05-08T04:00:00.0000000Z', NULL, NULL);
INSERT INTO deal_stage_history (id, deal_id, from_stage, to_stage, changed_by_id, changed_at, days_in_stage, reason) VALUES ('7af1659a-1d2a-5875-ae91-be3d03378678', 'eff3efe9-33df-5766-ad9f-57a45ff5a8d1', 'InitialInterest', 'Dead', '11111111-1111-1111-1111-111111111111', '2026-05-26T04:00:00.0000000Z', 18, 'BetterDealFound');
INSERT INTO deal_stage_history (id, deal_id, from_stage, to_stage, changed_by_id, changed_at, days_in_stage, reason) VALUES ('f99f8725-e95a-52c8-91eb-3765e249c0a4', '2301fcae-19c8-5bf4-a104-ad3a75b22130', NULL, 'InitialInterest', '22222222-2222-2222-2222-222222222222', '2026-03-04T04:00:00.0000000Z', NULL, NULL);
INSERT INTO deal_stage_history (id, deal_id, from_stage, to_stage, changed_by_id, changed_at, days_in_stage, reason) VALUES ('30c23da9-07a4-5e0c-b173-4abc6730dd40', '2301fcae-19c8-5bf4-a104-ad3a75b22130', 'InitialInterest', 'NdaLoi', '22222222-2222-2222-2222-222222222222', '2026-03-28T16:00:00.0000000Z', 24, NULL);
INSERT INTO deal_stage_history (id, deal_id, from_stage, to_stage, changed_by_id, changed_at, days_in_stage, reason) VALUES ('29dad025-f798-54b1-b010-265626f61c2e', '2301fcae-19c8-5bf4-a104-ad3a75b22130', 'NdaLoi', 'Dead', '22222222-2222-2222-2222-222222222222', '2026-04-09T16:00:00.0000000Z', 12, 'PricingGap');

-- deal_tasks: 182 rows
INSERT INTO deal_tasks (id, deal_id, title, stage, status, assignee_id, due_date, is_from_template, created_at, completed_at) VALUES ('65342bd7-643b-58d3-bc61-e7abbb513641', '2709f0cb-bbd1-53eb-8e34-1aff6f024006', 'Review offering memorandum', 'InitialInterest', 'Open', NULL, '2026-07-13', TRUE, '2026-02-09T18:00:00.0000000Z', NULL);
INSERT INTO deal_tasks (id, deal_id, title, stage, status, assignee_id, due_date, is_from_template, created_at, completed_at) VALUES ('77443ca9-56a1-5ec0-adab-fb5e110ec3f6', '2709f0cb-bbd1-53eb-8e34-1aff6f024006', 'Pull market comps', 'InitialInterest', 'Open', '44444444-4444-4444-4444-444444444444', '2026-07-16', TRUE, '2026-02-09T18:00:00.0000000Z', NULL);
INSERT INTO deal_tasks (id, deal_id, title, stage, status, assignee_id, due_date, is_from_template, created_at, completed_at) VALUES ('fb2853d4-a132-5f03-8ae5-27463a1aea5b', '2709f0cb-bbd1-53eb-8e34-1aff6f024006', 'Run quick financial screen', 'InitialInterest', 'Open', NULL, '2026-07-25', TRUE, '2026-02-09T18:00:00.0000000Z', NULL);
INSERT INTO deal_tasks (id, deal_id, title, stage, status, assignee_id, due_date, is_from_template, created_at, completed_at) VALUES ('283bf4b6-8999-53bd-bd68-a0d05ac13c03', '579497b8-6629-5bc5-a715-fb525a82eea8', 'Review offering memorandum', 'InitialInterest', 'Done', NULL, '2026-07-15', TRUE, '2026-01-09T12:00:00.0000000Z', '2026-01-12T12:00:00.0000000Z');
INSERT INTO deal_tasks (id, deal_id, title, stage, status, assignee_id, due_date, is_from_template, created_at, completed_at) VALUES ('dca6945c-fae6-54da-8bd9-ff2ac1f56d51', '579497b8-6629-5bc5-a715-fb525a82eea8', 'Pull market comps', 'InitialInterest', 'Done', '11111111-1111-1111-1111-111111111111', '2026-07-26', TRUE, '2026-01-09T12:00:00.0000000Z', '2026-01-11T12:00:00.0000000Z');
INSERT INTO deal_tasks (id, deal_id, title, stage, status, assignee_id, due_date, is_from_template, created_at, completed_at) VALUES ('99bf0c33-b880-5f0c-aec9-3063b6722651', '579497b8-6629-5bc5-a715-fb525a82eea8', 'Run quick financial screen', 'InitialInterest', 'Done', NULL, '2026-07-28', TRUE, '2026-01-09T12:00:00.0000000Z', '2026-01-12T12:00:00.0000000Z');
INSERT INTO deal_tasks (id, deal_id, title, stage, status, assignee_id, due_date, is_from_template, created_at, completed_at) VALUES ('a65380dc-3a63-51b1-99dd-ba108b5853df', '3f2bfae6-a2be-51be-97f4-da49c179dd89', 'Review offering memorandum', 'InitialInterest', 'Open', NULL, '2026-07-28', TRUE, '2026-03-14T16:00:00.0000000Z', NULL);
INSERT INTO deal_tasks (id, deal_id, title, stage, status, assignee_id, due_date, is_from_template, created_at, completed_at) VALUES ('11afffe0-4823-5554-90e6-454b110bd678', '3f2bfae6-a2be-51be-97f4-da49c179dd89', 'Pull market comps', 'InitialInterest', 'Open', '22222222-2222-2222-2222-222222222222', '2026-07-22', TRUE, '2026-03-14T16:00:00.0000000Z', NULL);
INSERT INTO deal_tasks (id, deal_id, title, stage, status, assignee_id, due_date, is_from_template, created_at, completed_at) VALUES ('83e04d18-cf2a-5907-b88b-f261fa3c1ab5', '3f2bfae6-a2be-51be-97f4-da49c179dd89', 'Run quick financial screen', 'InitialInterest', 'Open', NULL, '2026-07-06', TRUE, '2026-03-14T16:00:00.0000000Z', NULL);
INSERT INTO deal_tasks (id, deal_id, title, stage, status, assignee_id, due_date, is_from_template, created_at, completed_at) VALUES ('53ba3860-9858-5921-8a4b-aba0d65020e2', '57818ac6-037b-55bc-9c3f-44c0df1d27c4', 'Review offering memorandum', 'InitialInterest', 'Open', NULL, '2026-07-16', TRUE, '2026-03-29T18:00:00.0000000Z', NULL);
INSERT INTO deal_tasks (id, deal_id, title, stage, status, assignee_id, due_date, is_from_template, created_at, completed_at) VALUES ('bf8f322d-bfd3-59b3-be9f-bd2087b387f7', '57818ac6-037b-55bc-9c3f-44c0df1d27c4', 'Pull market comps', 'InitialInterest', 'Done', '33333333-3333-3333-3333-333333333333', '2026-07-29', TRUE, '2026-03-29T18:00:00.0000000Z', '2026-04-02T18:00:00.0000000Z');
INSERT INTO deal_tasks (id, deal_id, title, stage, status, assignee_id, due_date, is_from_template, created_at, completed_at) VALUES ('e59bd095-3a45-5e31-b014-d668b6d7dc3d', '57818ac6-037b-55bc-9c3f-44c0df1d27c4', 'Run quick financial screen', 'InitialInterest', 'Done', NULL, '2026-07-25', TRUE, '2026-03-29T18:00:00.0000000Z', '2026-04-03T18:00:00.0000000Z');
INSERT INTO deal_tasks (id, deal_id, title, stage, status, assignee_id, due_date, is_from_template, created_at, completed_at) VALUES ('4fb079f0-1691-54b6-8de1-4d8b23cc80aa', '57818ac6-037b-55bc-9c3f-44c0df1d27c4', 'Follow up with local leasing broker', 'InitialInterest', 'Open', '11111111-1111-1111-1111-111111111111', '2026-07-16', FALSE, '2026-03-29T18:00:00.0000000Z', NULL);
INSERT INTO deal_tasks (id, deal_id, title, stage, status, assignee_id, due_date, is_from_template, created_at, completed_at) VALUES ('b08e8af9-1b84-508c-918b-0d54834f8cef', '3b217425-c084-5141-8c05-4d23d3d97e2e', 'Review offering memorandum', 'InitialInterest', 'Done', NULL, '2026-07-12', TRUE, '2026-02-16T16:00:00.0000000Z', '2026-02-19T16:00:00.0000000Z');
INSERT INTO deal_tasks (id, deal_id, title, stage, status, assignee_id, due_date, is_from_template, created_at, completed_at) VALUES ('e3e428ab-d258-5e39-bf8f-843cc86497a0', '3b217425-c084-5141-8c05-4d23d3d97e2e', 'Pull market comps', 'InitialInterest', 'Open', '44444444-4444-4444-4444-444444444444', '2026-07-19', TRUE, '2026-02-16T16:00:00.0000000Z', NULL);
INSERT INTO deal_tasks (id, deal_id, title, stage, status, assignee_id, due_date, is_from_template, created_at, completed_at) VALUES ('8f1eeab1-4f53-5927-92d1-c53cd0e30234', '3b217425-c084-5141-8c05-4d23d3d97e2e', 'Run quick financial screen', 'InitialInterest', 'Open', NULL, '2026-07-12', TRUE, '2026-02-16T16:00:00.0000000Z', NULL);
INSERT INTO deal_tasks (id, deal_id, title, stage, status, assignee_id, due_date, is_from_template, created_at, completed_at) VALUES ('ff4584f5-57fc-53cd-8d66-ae4b8a5d65df', 'c8bc8949-bbe6-58f2-a07b-7c066cd78e87', 'Review offering memorandum', 'InitialInterest', 'Open', NULL, '2026-07-30', TRUE, '2026-05-22T02:00:00.0000000Z', NULL);
INSERT INTO deal_tasks (id, deal_id, title, stage, status, assignee_id, due_date, is_from_template, created_at, completed_at) VALUES ('cc6b0eda-cff9-581b-89d2-1030bed9242c', 'c8bc8949-bbe6-58f2-a07b-7c066cd78e87', 'Pull market comps', 'InitialInterest', 'Open', '11111111-1111-1111-1111-111111111111', '2026-07-19', TRUE, '2026-05-22T02:00:00.0000000Z', NULL);
INSERT INTO deal_tasks (id, deal_id, title, stage, status, assignee_id, due_date, is_from_template, created_at, completed_at) VALUES ('c14781b6-ff35-5869-a594-05e69776488c', 'c8bc8949-bbe6-58f2-a07b-7c066cd78e87', 'Run quick financial screen', 'InitialInterest', 'Open', NULL, '2026-07-01', TRUE, '2026-05-22T02:00:00.0000000Z', NULL);
INSERT INTO deal_tasks (id, deal_id, title, stage, status, assignee_id, due_date, is_from_template, created_at, completed_at) VALUES ('a0aa5f0f-0eff-5e1f-8b75-d91ed11872b0', '1d0b206b-e2f9-570b-aaf0-5d5e1e731528', 'Review offering memorandum', 'InitialInterest', 'Done', NULL, '2026-07-22', TRUE, '2026-02-13T22:00:00.0000000Z', '2026-02-17T22:00:00.0000000Z');
INSERT INTO deal_tasks (id, deal_id, title, stage, status, assignee_id, due_date, is_from_template, created_at, completed_at) VALUES ('c477beb1-d0f0-5899-875b-f178a6bd6e04', '1d0b206b-e2f9-570b-aaf0-5d5e1e731528', 'Pull market comps', 'InitialInterest', 'Open', '22222222-2222-2222-2222-222222222222', '2026-07-15', TRUE, '2026-02-13T22:00:00.0000000Z', NULL);
INSERT INTO deal_tasks (id, deal_id, title, stage, status, assignee_id, due_date, is_from_template, created_at, completed_at) VALUES ('f527e88a-ca4e-543d-b6a4-eb52d5ad800d', '1d0b206b-e2f9-570b-aaf0-5d5e1e731528', 'Run quick financial screen', 'InitialInterest', 'Done', NULL, '2026-07-29', TRUE, '2026-02-13T22:00:00.0000000Z', '2026-02-15T22:00:00.0000000Z');
INSERT INTO deal_tasks (id, deal_id, title, stage, status, assignee_id, due_date, is_from_template, created_at, completed_at) VALUES ('66f7efa4-6946-5d53-af17-ccaa278371bc', '3af0c9e4-516f-5744-98e7-fd7b85ea933a', 'Review offering memorandum', 'InitialInterest', 'Done', NULL, NULL, TRUE, '2026-05-10T22:00:00.0000000Z', '2026-05-11T22:00:00.0000000Z');
INSERT INTO deal_tasks (id, deal_id, title, stage, status, assignee_id, due_date, is_from_template, created_at, completed_at) VALUES ('d531359f-80de-567b-ba93-2c84bb43a049', '3af0c9e4-516f-5744-98e7-fd7b85ea933a', 'Pull market comps', 'InitialInterest', 'Done', '33333333-3333-3333-3333-333333333333', NULL, TRUE, '2026-05-10T22:00:00.0000000Z', '2026-05-12T22:00:00.0000000Z');
INSERT INTO deal_tasks (id, deal_id, title, stage, status, assignee_id, due_date, is_from_template, created_at, completed_at) VALUES ('e8fd6fdf-c0a9-5f72-95a6-f82b23644eef', '3af0c9e4-516f-5744-98e7-fd7b85ea933a', 'Run quick financial screen', 'InitialInterest', 'Done', NULL, NULL, TRUE, '2026-05-10T22:00:00.0000000Z', '2026-05-12T22:00:00.0000000Z');
INSERT INTO deal_tasks (id, deal_id, title, stage, status, assignee_id, due_date, is_from_template, created_at, completed_at) VALUES ('204b1827-06fa-59bf-84b9-c898ee423ec4', '3af0c9e4-516f-5744-98e7-fd7b85ea933a', 'Execute NDA', 'NdaLoi', 'Open', '11111111-1111-1111-1111-111111111111', '2026-07-27', TRUE, '2026-06-10T07:00:00.0000000Z', NULL);
INSERT INTO deal_tasks (id, deal_id, title, stage, status, assignee_id, due_date, is_from_template, created_at, completed_at) VALUES ('51967043-2572-5241-9c46-377883e07383', '3af0c9e4-516f-5744-98e7-fd7b85ea933a', 'Draft letter of intent', 'NdaLoi', 'Done', NULL, '2026-07-13', TRUE, '2026-06-10T07:00:00.0000000Z', '2026-06-14T07:00:00.0000000Z');
INSERT INTO deal_tasks (id, deal_id, title, stage, status, assignee_id, due_date, is_from_template, created_at, completed_at) VALUES ('db0026f5-cec0-545f-a850-9467df28a857', '3af0c9e4-516f-5744-98e7-fd7b85ea933a', 'Submit LOI to seller', 'NdaLoi', 'Done', '33333333-3333-3333-3333-333333333333', '2026-07-24', TRUE, '2026-06-10T07:00:00.0000000Z', '2026-06-11T07:00:00.0000000Z');
INSERT INTO deal_tasks (id, deal_id, title, stage, status, assignee_id, due_date, is_from_template, created_at, completed_at) VALUES ('778a9830-d71f-566c-b582-fc7f2eb8ae0a', '3af0c9e4-516f-5744-98e7-fd7b85ea933a', 'Follow up with local leasing broker', 'NdaLoi', 'Open', '11111111-1111-1111-1111-111111111111', '2026-07-16', FALSE, '2026-06-10T07:00:00.0000000Z', NULL);
INSERT INTO deal_tasks (id, deal_id, title, stage, status, assignee_id, due_date, is_from_template, created_at, completed_at) VALUES ('17a5b0b9-2d3a-5c60-8f23-a89c16c27175', '5e1a462f-ebef-59f1-b74c-eb951110d57d', 'Review offering memorandum', 'InitialInterest', 'Done', NULL, NULL, TRUE, '2026-01-07T21:00:00.0000000Z', '2026-01-08T21:00:00.0000000Z');
INSERT INTO deal_tasks (id, deal_id, title, stage, status, assignee_id, due_date, is_from_template, created_at, completed_at) VALUES ('b8caa2aa-f167-5c6b-8767-ff8b25689c8d', '5e1a462f-ebef-59f1-b74c-eb951110d57d', 'Pull market comps', 'InitialInterest', 'Done', '44444444-4444-4444-4444-444444444444', NULL, TRUE, '2026-01-07T21:00:00.0000000Z', '2026-01-13T21:00:00.0000000Z');
INSERT INTO deal_tasks (id, deal_id, title, stage, status, assignee_id, due_date, is_from_template, created_at, completed_at) VALUES ('89ae070c-cac0-5ba6-9dda-7e36e863ff27', '5e1a462f-ebef-59f1-b74c-eb951110d57d', 'Run quick financial screen', 'InitialInterest', 'Done', NULL, NULL, TRUE, '2026-01-07T21:00:00.0000000Z', '2026-01-10T21:00:00.0000000Z');
INSERT INTO deal_tasks (id, deal_id, title, stage, status, assignee_id, due_date, is_from_template, created_at, completed_at) VALUES ('f695834e-dce7-5d10-9109-2f46920e5c72', '5e1a462f-ebef-59f1-b74c-eb951110d57d', 'Execute NDA', 'NdaLoi', 'Done', '22222222-2222-2222-2222-222222222222', '2026-07-27', TRUE, '2026-01-17T01:00:00.0000000Z', '2026-01-22T01:00:00.0000000Z');
INSERT INTO deal_tasks (id, deal_id, title, stage, status, assignee_id, due_date, is_from_template, created_at, completed_at) VALUES ('31243ab6-b4cc-5d4d-b737-559addfc77ee', '5e1a462f-ebef-59f1-b74c-eb951110d57d', 'Draft letter of intent', 'NdaLoi', 'Open', NULL, '2026-07-28', TRUE, '2026-01-17T01:00:00.0000000Z', NULL);
INSERT INTO deal_tasks (id, deal_id, title, stage, status, assignee_id, due_date, is_from_template, created_at, completed_at) VALUES ('c581fda3-ee11-53ed-83c1-ee7d6ba5fd44', '5e1a462f-ebef-59f1-b74c-eb951110d57d', 'Submit LOI to seller', 'NdaLoi', 'Done', '44444444-4444-4444-4444-444444444444', '2026-07-14', TRUE, '2026-01-17T01:00:00.0000000Z', '2026-01-22T01:00:00.0000000Z');
INSERT INTO deal_tasks (id, deal_id, title, stage, status, assignee_id, due_date, is_from_template, created_at, completed_at) VALUES ('3d903da6-fb84-5b47-bd65-89bf27bb5419', '1833711c-7b68-5bbe-8ed7-c48417cfd352', 'Review offering memorandum', 'InitialInterest', 'Done', NULL, NULL, TRUE, '2026-01-05T05:00:00.0000000Z', '2026-01-10T05:00:00.0000000Z');
INSERT INTO deal_tasks (id, deal_id, title, stage, status, assignee_id, due_date, is_from_template, created_at, completed_at) VALUES ('7d142232-fa6f-55d8-a954-515ce9485adf', '1833711c-7b68-5bbe-8ed7-c48417cfd352', 'Pull market comps', 'InitialInterest', 'Done', '11111111-1111-1111-1111-111111111111', NULL, TRUE, '2026-01-05T05:00:00.0000000Z', '2026-01-08T05:00:00.0000000Z');
INSERT INTO deal_tasks (id, deal_id, title, stage, status, assignee_id, due_date, is_from_template, created_at, completed_at) VALUES ('384b3d8a-d1f2-5880-92e5-5549611906c7', '1833711c-7b68-5bbe-8ed7-c48417cfd352', 'Run quick financial screen', 'InitialInterest', 'Done', NULL, NULL, TRUE, '2026-01-05T05:00:00.0000000Z', '2026-01-08T05:00:00.0000000Z');
INSERT INTO deal_tasks (id, deal_id, title, stage, status, assignee_id, due_date, is_from_template, created_at, completed_at) VALUES ('5566cd12-3581-55f8-9092-7105dd8fefef', '1833711c-7b68-5bbe-8ed7-c48417cfd352', 'Execute NDA', 'NdaLoi', 'Done', '33333333-3333-3333-3333-333333333333', '2026-07-19', TRUE, '2026-01-28T15:00:00.0000000Z', '2026-01-31T15:00:00.0000000Z');
INSERT INTO deal_tasks (id, deal_id, title, stage, status, assignee_id, due_date, is_from_template, created_at, completed_at) VALUES ('04570d34-5863-538b-83a3-ec8cfd48850a', '1833711c-7b68-5bbe-8ed7-c48417cfd352', 'Draft letter of intent', 'NdaLoi', 'Done', NULL, '2026-07-21', TRUE, '2026-01-28T15:00:00.0000000Z', '2026-01-30T15:00:00.0000000Z');
INSERT INTO deal_tasks (id, deal_id, title, stage, status, assignee_id, due_date, is_from_template, created_at, completed_at) VALUES ('6839f6d6-250b-5604-8773-407e98d83e5c', '1833711c-7b68-5bbe-8ed7-c48417cfd352', 'Submit LOI to seller', 'NdaLoi', 'Open', '11111111-1111-1111-1111-111111111111', '2026-07-14', TRUE, '2026-01-28T15:00:00.0000000Z', NULL);
INSERT INTO deal_tasks (id, deal_id, title, stage, status, assignee_id, due_date, is_from_template, created_at, completed_at) VALUES ('c593daf0-ea6a-5db1-af15-161abd2bf9c2', 'ec22ba30-0d9a-5c77-98f0-cae88a4a3f17', 'Review offering memorandum', 'InitialInterest', 'Done', NULL, NULL, TRUE, '2026-04-05T20:00:00.0000000Z', '2026-04-08T20:00:00.0000000Z');
INSERT INTO deal_tasks (id, deal_id, title, stage, status, assignee_id, due_date, is_from_template, created_at, completed_at) VALUES ('4cf4a34e-445b-5728-97b6-ebd4c5287593', 'ec22ba30-0d9a-5c77-98f0-cae88a4a3f17', 'Pull market comps', 'InitialInterest', 'Done', '22222222-2222-2222-2222-222222222222', NULL, TRUE, '2026-04-05T20:00:00.0000000Z', '2026-04-07T20:00:00.0000000Z');
INSERT INTO deal_tasks (id, deal_id, title, stage, status, assignee_id, due_date, is_from_template, created_at, completed_at) VALUES ('135c71c3-4297-58a0-8687-ef03e57de8d2', 'ec22ba30-0d9a-5c77-98f0-cae88a4a3f17', 'Run quick financial screen', 'InitialInterest', 'Done', NULL, NULL, TRUE, '2026-04-05T20:00:00.0000000Z', '2026-04-09T20:00:00.0000000Z');
INSERT INTO deal_tasks (id, deal_id, title, stage, status, assignee_id, due_date, is_from_template, created_at, completed_at) VALUES ('88615847-72df-5e0e-9983-dc4fe4d3d519', 'ec22ba30-0d9a-5c77-98f0-cae88a4a3f17', 'Execute NDA', 'NdaLoi', 'Open', '44444444-4444-4444-4444-444444444444', '2026-07-21', TRUE, '2026-04-18T23:00:00.0000000Z', NULL);
INSERT INTO deal_tasks (id, deal_id, title, stage, status, assignee_id, due_date, is_from_template, created_at, completed_at) VALUES ('0413c5bb-4943-53e9-82ce-fb8ac1a92fed', 'ec22ba30-0d9a-5c77-98f0-cae88a4a3f17', 'Draft letter of intent', 'NdaLoi', 'Open', NULL, '2026-07-28', TRUE, '2026-04-18T23:00:00.0000000Z', NULL);
INSERT INTO deal_tasks (id, deal_id, title, stage, status, assignee_id, due_date, is_from_template, created_at, completed_at) VALUES ('2b0c7bbe-8981-57fd-9378-306fca2de62c', 'ec22ba30-0d9a-5c77-98f0-cae88a4a3f17', 'Submit LOI to seller', 'NdaLoi', 'Done', '22222222-2222-2222-2222-222222222222', '2026-07-21', TRUE, '2026-04-18T23:00:00.0000000Z', '2026-04-23T23:00:00.0000000Z');
INSERT INTO deal_tasks (id, deal_id, title, stage, status, assignee_id, due_date, is_from_template, created_at, completed_at) VALUES ('286bd9be-e8d1-5ef7-bb6f-fe6df45e71ef', 'a358a04c-7782-5766-b16f-8361d0ee595e', 'Review offering memorandum', 'InitialInterest', 'Done', NULL, NULL, TRUE, '2026-05-02T19:00:00.0000000Z', '2026-05-08T19:00:00.0000000Z');
INSERT INTO deal_tasks (id, deal_id, title, stage, status, assignee_id, due_date, is_from_template, created_at, completed_at) VALUES ('239fc2fe-41cf-5d21-8622-ad78ea32fbee', 'a358a04c-7782-5766-b16f-8361d0ee595e', 'Pull market comps', 'InitialInterest', 'Done', '33333333-3333-3333-3333-333333333333', NULL, TRUE, '2026-05-02T19:00:00.0000000Z', '2026-05-05T19:00:00.0000000Z');
INSERT INTO deal_tasks (id, deal_id, title, stage, status, assignee_id, due_date, is_from_template, created_at, completed_at) VALUES ('ae39bade-47c4-5690-9838-1fac110fface', 'a358a04c-7782-5766-b16f-8361d0ee595e', 'Run quick financial screen', 'InitialInterest', 'Done', NULL, NULL, TRUE, '2026-05-02T19:00:00.0000000Z', '2026-05-07T19:00:00.0000000Z');
INSERT INTO deal_tasks (id, deal_id, title, stage, status, assignee_id, due_date, is_from_template, created_at, completed_at) VALUES ('349c6dc8-ca4a-5cc4-ac4c-1ba075e1887b', 'a358a04c-7782-5766-b16f-8361d0ee595e', 'Execute NDA', 'NdaLoi', 'Open', '11111111-1111-1111-1111-111111111111', '2026-07-13', TRUE, '2026-05-12T00:00:00.0000000Z', NULL);
INSERT INTO deal_tasks (id, deal_id, title, stage, status, assignee_id, due_date, is_from_template, created_at, completed_at) VALUES ('06d0024c-4ac8-52c3-b25e-144832bd7cbf', 'a358a04c-7782-5766-b16f-8361d0ee595e', 'Draft letter of intent', 'NdaLoi', 'Done', NULL, '2026-07-20', TRUE, '2026-05-12T00:00:00.0000000Z', '2026-05-16T00:00:00.0000000Z');
INSERT INTO deal_tasks (id, deal_id, title, stage, status, assignee_id, due_date, is_from_template, created_at, completed_at) VALUES ('0f000135-7b71-5028-9068-c6ddfaef8a18', 'a358a04c-7782-5766-b16f-8361d0ee595e', 'Submit LOI to seller', 'NdaLoi', 'Done', '33333333-3333-3333-3333-333333333333', '2026-07-16', TRUE, '2026-05-12T00:00:00.0000000Z', '2026-05-15T00:00:00.0000000Z');
INSERT INTO deal_tasks (id, deal_id, title, stage, status, assignee_id, due_date, is_from_template, created_at, completed_at) VALUES ('c703ad36-05ba-56dd-80eb-4e9747ef56f6', 'a358a04c-7782-5766-b16f-8361d0ee595e', 'Follow up with local leasing broker', 'NdaLoi', 'Open', '11111111-1111-1111-1111-111111111111', '2026-07-16', FALSE, '2026-05-12T00:00:00.0000000Z', NULL);
INSERT INTO deal_tasks (id, deal_id, title, stage, status, assignee_id, due_date, is_from_template, created_at, completed_at) VALUES ('39ba1fbb-2597-593b-95ff-35b6c788a461', '5063bf26-49eb-5551-baa9-2759eb029213', 'Review offering memorandum', 'InitialInterest', 'Done', NULL, NULL, TRUE, '2026-05-02T10:00:00.0000000Z', '2026-05-03T10:00:00.0000000Z');
INSERT INTO deal_tasks (id, deal_id, title, stage, status, assignee_id, due_date, is_from_template, created_at, completed_at) VALUES ('a52ecb9c-3a42-5011-bcd3-b45e8a9c9e04', '5063bf26-49eb-5551-baa9-2759eb029213', 'Pull market comps', 'InitialInterest', 'Done', '44444444-4444-4444-4444-444444444444', NULL, TRUE, '2026-05-02T10:00:00.0000000Z', '2026-05-05T10:00:00.0000000Z');
INSERT INTO deal_tasks (id, deal_id, title, stage, status, assignee_id, due_date, is_from_template, created_at, completed_at) VALUES ('66d3ea1d-96e7-5c82-a822-6f9d61056399', '5063bf26-49eb-5551-baa9-2759eb029213', 'Run quick financial screen', 'InitialInterest', 'Done', NULL, NULL, TRUE, '2026-05-02T10:00:00.0000000Z', '2026-05-05T10:00:00.0000000Z');
INSERT INTO deal_tasks (id, deal_id, title, stage, status, assignee_id, due_date, is_from_template, created_at, completed_at) VALUES ('f4d2dd19-d1da-5d6e-a74e-a94effc24118', '5063bf26-49eb-5551-baa9-2759eb029213', 'Execute NDA', 'NdaLoi', 'Done', '22222222-2222-2222-2222-222222222222', NULL, TRUE, '2026-05-29T13:00:00.0000000Z', '2026-05-30T13:00:00.0000000Z');
INSERT INTO deal_tasks (id, deal_id, title, stage, status, assignee_id, due_date, is_from_template, created_at, completed_at) VALUES ('f677dd8c-6352-5708-b22e-f3694711351e', '5063bf26-49eb-5551-baa9-2759eb029213', 'Draft letter of intent', 'NdaLoi', 'Done', NULL, NULL, TRUE, '2026-05-29T13:00:00.0000000Z', '2026-06-01T13:00:00.0000000Z');
INSERT INTO deal_tasks (id, deal_id, title, stage, status, assignee_id, due_date, is_from_template, created_at, completed_at) VALUES ('92147a7a-ff92-5097-9697-2fb3b05e09b7', '5063bf26-49eb-5551-baa9-2759eb029213', 'Submit LOI to seller', 'NdaLoi', 'Done', '44444444-4444-4444-4444-444444444444', NULL, TRUE, '2026-05-29T13:00:00.0000000Z', '2026-05-31T13:00:00.0000000Z');
INSERT INTO deal_tasks (id, deal_id, title, stage, status, assignee_id, due_date, is_from_template, created_at, completed_at) VALUES ('61a85d23-6632-5655-81e9-d43ec2ff3188', '5063bf26-49eb-5551-baa9-2759eb029213', 'Build full underwriting model', 'UnderwritingReview', 'Open', NULL, '2026-07-15', TRUE, '2026-06-20T14:00:00.0000000Z', NULL);
INSERT INTO deal_tasks (id, deal_id, title, stage, status, assignee_id, due_date, is_from_template, created_at, completed_at) VALUES ('07fcacde-a3aa-55a2-b97c-6cb08e7c7e81', '5063bf26-49eb-5551-baa9-2759eb029213', 'Order third-party reports', 'UnderwritingReview', 'Done', '22222222-2222-2222-2222-222222222222', '2026-07-25', TRUE, '2026-06-20T14:00:00.0000000Z', '2026-06-25T14:00:00.0000000Z');
INSERT INTO deal_tasks (id, deal_id, title, stage, status, assignee_id, due_date, is_from_template, created_at, completed_at) VALUES ('527e9f5a-1f87-53cc-959e-50fa6c7180ea', '5063bf26-49eb-5551-baa9-2759eb029213', 'Complete site visit', 'UnderwritingReview', 'Open', NULL, '2026-07-16', TRUE, '2026-06-20T14:00:00.0000000Z', NULL);
INSERT INTO deal_tasks (id, deal_id, title, stage, status, assignee_id, due_date, is_from_template, created_at, completed_at) VALUES ('9130045e-2764-51f2-918f-75a9b2b18098', '7c449c19-e9bf-5467-afd2-f85821d48137', 'Review offering memorandum', 'InitialInterest', 'Done', NULL, NULL, TRUE, '2026-05-24T07:00:00.0000000Z', '2026-05-26T07:00:00.0000000Z');
INSERT INTO deal_tasks (id, deal_id, title, stage, status, assignee_id, due_date, is_from_template, created_at, completed_at) VALUES ('1aec32e4-627c-5622-9d23-63bc50d66291', '7c449c19-e9bf-5467-afd2-f85821d48137', 'Pull market comps', 'InitialInterest', 'Done', '11111111-1111-1111-1111-111111111111', NULL, TRUE, '2026-05-24T07:00:00.0000000Z', '2026-05-30T07:00:00.0000000Z');
INSERT INTO deal_tasks (id, deal_id, title, stage, status, assignee_id, due_date, is_from_template, created_at, completed_at) VALUES ('a58dcfac-1d13-5d92-a370-08145d62c04a', '7c449c19-e9bf-5467-afd2-f85821d48137', 'Run quick financial screen', 'InitialInterest', 'Done', NULL, NULL, TRUE, '2026-05-24T07:00:00.0000000Z', '2026-05-25T07:00:00.0000000Z');
INSERT INTO deal_tasks (id, deal_id, title, stage, status, assignee_id, due_date, is_from_template, created_at, completed_at) VALUES ('bbe52c53-f369-5e7e-96e9-fc9fad071a14', '7c449c19-e9bf-5467-afd2-f85821d48137', 'Execute NDA', 'NdaLoi', 'Done', '33333333-3333-3333-3333-333333333333', NULL, TRUE, '2026-06-21T13:00:00.0000000Z', '2026-06-25T13:00:00.0000000Z');
INSERT INTO deal_tasks (id, deal_id, title, stage, status, assignee_id, due_date, is_from_template, created_at, completed_at) VALUES ('6f6dd47b-c66a-5ebd-ab4c-0d5e041263b8', '7c449c19-e9bf-5467-afd2-f85821d48137', 'Draft letter of intent', 'NdaLoi', 'Done', NULL, NULL, TRUE, '2026-06-21T13:00:00.0000000Z', '2026-06-22T13:00:00.0000000Z');
INSERT INTO deal_tasks (id, deal_id, title, stage, status, assignee_id, due_date, is_from_template, created_at, completed_at) VALUES ('82220427-e5e5-5542-9ff4-40d1feaba7f8', '7c449c19-e9bf-5467-afd2-f85821d48137', 'Submit LOI to seller', 'NdaLoi', 'Done', '11111111-1111-1111-1111-111111111111', NULL, TRUE, '2026-06-21T13:00:00.0000000Z', '2026-06-25T13:00:00.0000000Z');
INSERT INTO deal_tasks (id, deal_id, title, stage, status, assignee_id, due_date, is_from_template, created_at, completed_at) VALUES ('16d2dbdb-4f36-5ab0-9658-dd6d738bedba', '7c449c19-e9bf-5467-afd2-f85821d48137', 'Build full underwriting model', 'UnderwritingReview', 'Done', NULL, '2026-07-23', TRUE, '2026-07-21T20:00:00.0000000Z', '2026-07-25T20:00:00.0000000Z');
INSERT INTO deal_tasks (id, deal_id, title, stage, status, assignee_id, due_date, is_from_template, created_at, completed_at) VALUES ('d9477346-fdf0-548d-9df2-d8ab29c9d155', '7c449c19-e9bf-5467-afd2-f85821d48137', 'Order third-party reports', 'UnderwritingReview', 'Done', '33333333-3333-3333-3333-333333333333', '2026-07-19', TRUE, '2026-07-21T20:00:00.0000000Z', '2026-07-23T20:00:00.0000000Z');
INSERT INTO deal_tasks (id, deal_id, title, stage, status, assignee_id, due_date, is_from_template, created_at, completed_at) VALUES ('094920d0-179b-50d4-a30c-a5d1e0a32f75', '7c449c19-e9bf-5467-afd2-f85821d48137', 'Complete site visit', 'UnderwritingReview', 'Done', NULL, '2026-07-24', TRUE, '2026-07-21T20:00:00.0000000Z', '2026-07-23T20:00:00.0000000Z');
INSERT INTO deal_tasks (id, deal_id, title, stage, status, assignee_id, due_date, is_from_template, created_at, completed_at) VALUES ('0fd0ca35-9009-562e-9a69-873e2040cb73', '6b8d7cfe-267d-5896-a2ec-cf23da63cfad', 'Review offering memorandum', 'InitialInterest', 'Done', NULL, NULL, TRUE, '2026-02-16T19:00:00.0000000Z', '2026-02-21T19:00:00.0000000Z');
INSERT INTO deal_tasks (id, deal_id, title, stage, status, assignee_id, due_date, is_from_template, created_at, completed_at) VALUES ('d43cb8b1-c682-511a-a3f8-654ada347eb8', '6b8d7cfe-267d-5896-a2ec-cf23da63cfad', 'Pull market comps', 'InitialInterest', 'Done', '22222222-2222-2222-2222-222222222222', NULL, TRUE, '2026-02-16T19:00:00.0000000Z', '2026-02-20T19:00:00.0000000Z');
INSERT INTO deal_tasks (id, deal_id, title, stage, status, assignee_id, due_date, is_from_template, created_at, completed_at) VALUES ('96848ef2-b40e-5df5-a860-239da12f02d6', '6b8d7cfe-267d-5896-a2ec-cf23da63cfad', 'Run quick financial screen', 'InitialInterest', 'Done', NULL, NULL, TRUE, '2026-02-16T19:00:00.0000000Z', '2026-02-19T19:00:00.0000000Z');
INSERT INTO deal_tasks (id, deal_id, title, stage, status, assignee_id, due_date, is_from_template, created_at, completed_at) VALUES ('31252f60-1c3c-5f40-aa32-2c37286eef59', '6b8d7cfe-267d-5896-a2ec-cf23da63cfad', 'Execute NDA', 'NdaLoi', 'Done', '44444444-4444-4444-4444-444444444444', NULL, TRUE, '2026-03-03T20:00:00.0000000Z', '2026-03-09T20:00:00.0000000Z');
INSERT INTO deal_tasks (id, deal_id, title, stage, status, assignee_id, due_date, is_from_template, created_at, completed_at) VALUES ('7f7908ed-4098-575d-87d3-53450f5c0512', '6b8d7cfe-267d-5896-a2ec-cf23da63cfad', 'Draft letter of intent', 'NdaLoi', 'Done', NULL, NULL, TRUE, '2026-03-03T20:00:00.0000000Z', '2026-03-06T20:00:00.0000000Z');
INSERT INTO deal_tasks (id, deal_id, title, stage, status, assignee_id, due_date, is_from_template, created_at, completed_at) VALUES ('be667ece-5b46-53c3-bcf5-778e23b2a188', '6b8d7cfe-267d-5896-a2ec-cf23da63cfad', 'Submit LOI to seller', 'NdaLoi', 'Done', '22222222-2222-2222-2222-222222222222', NULL, TRUE, '2026-03-03T20:00:00.0000000Z', '2026-03-07T20:00:00.0000000Z');
INSERT INTO deal_tasks (id, deal_id, title, stage, status, assignee_id, due_date, is_from_template, created_at, completed_at) VALUES ('65fcf7ba-84c9-583f-8dfc-11be30282297', '6b8d7cfe-267d-5896-a2ec-cf23da63cfad', 'Build full underwriting model', 'UnderwritingReview', 'Open', NULL, '2026-07-28', TRUE, '2026-03-12T01:00:00.0000000Z', NULL);
INSERT INTO deal_tasks (id, deal_id, title, stage, status, assignee_id, due_date, is_from_template, created_at, completed_at) VALUES ('3d38fc8d-bf4b-5a5c-84f0-664e859efc23', '6b8d7cfe-267d-5896-a2ec-cf23da63cfad', 'Order third-party reports', 'UnderwritingReview', 'Done', '44444444-4444-4444-4444-444444444444', '2026-07-18', TRUE, '2026-03-12T01:00:00.0000000Z', '2026-03-17T01:00:00.0000000Z');
INSERT INTO deal_tasks (id, deal_id, title, stage, status, assignee_id, due_date, is_from_template, created_at, completed_at) VALUES ('60657454-3387-571f-ab58-82a117e45bf3', '6b8d7cfe-267d-5896-a2ec-cf23da63cfad', 'Complete site visit', 'UnderwritingReview', 'Done', NULL, '2026-07-12', TRUE, '2026-03-12T01:00:00.0000000Z', '2026-03-16T01:00:00.0000000Z');
INSERT INTO deal_tasks (id, deal_id, title, stage, status, assignee_id, due_date, is_from_template, created_at, completed_at) VALUES ('f74cf437-6fa4-5cef-8d62-808785af1ba0', 'd3c64206-2ae0-5405-8151-b60f27b3843d', 'Review offering memorandum', 'InitialInterest', 'Done', NULL, NULL, TRUE, '2026-04-29T03:00:00.0000000Z', '2026-05-03T03:00:00.0000000Z');
INSERT INTO deal_tasks (id, deal_id, title, stage, status, assignee_id, due_date, is_from_template, created_at, completed_at) VALUES ('56bd2e11-48e7-5b97-98db-2cb0deca9131', 'd3c64206-2ae0-5405-8151-b60f27b3843d', 'Pull market comps', 'InitialInterest', 'Done', '33333333-3333-3333-3333-333333333333', NULL, TRUE, '2026-04-29T03:00:00.0000000Z', '2026-05-05T03:00:00.0000000Z');
INSERT INTO deal_tasks (id, deal_id, title, stage, status, assignee_id, due_date, is_from_template, created_at, completed_at) VALUES ('bb32e96e-4586-563c-a9d0-63e7fd872b91', 'd3c64206-2ae0-5405-8151-b60f27b3843d', 'Run quick financial screen', 'InitialInterest', 'Done', NULL, NULL, TRUE, '2026-04-29T03:00:00.0000000Z', '2026-05-03T03:00:00.0000000Z');
INSERT INTO deal_tasks (id, deal_id, title, stage, status, assignee_id, due_date, is_from_template, created_at, completed_at) VALUES ('9bdc8c12-9e73-5fce-83ae-86164566fc09', 'd3c64206-2ae0-5405-8151-b60f27b3843d', 'Execute NDA', 'NdaLoi', 'Done', '11111111-1111-1111-1111-111111111111', NULL, TRUE, '2026-05-20T08:00:00.0000000Z', '2026-05-26T08:00:00.0000000Z');
INSERT INTO deal_tasks (id, deal_id, title, stage, status, assignee_id, due_date, is_from_template, created_at, completed_at) VALUES ('2d0a0e92-cf53-534c-8a96-67c68a3447fe', 'd3c64206-2ae0-5405-8151-b60f27b3843d', 'Draft letter of intent', 'NdaLoi', 'Done', NULL, NULL, TRUE, '2026-05-20T08:00:00.0000000Z', '2026-05-26T08:00:00.0000000Z');
INSERT INTO deal_tasks (id, deal_id, title, stage, status, assignee_id, due_date, is_from_template, created_at, completed_at) VALUES ('7ceac42b-0f48-5e3d-99f4-ac540cf1a03a', 'd3c64206-2ae0-5405-8151-b60f27b3843d', 'Submit LOI to seller', 'NdaLoi', 'Done', '33333333-3333-3333-3333-333333333333', NULL, TRUE, '2026-05-20T08:00:00.0000000Z', '2026-05-22T08:00:00.0000000Z');
INSERT INTO deal_tasks (id, deal_id, title, stage, status, assignee_id, due_date, is_from_template, created_at, completed_at) VALUES ('f9de8c38-1eb8-553c-9121-3c35a215a970', 'd3c64206-2ae0-5405-8151-b60f27b3843d', 'Build full underwriting model', 'UnderwritingReview', 'Open', NULL, '2026-07-21', TRUE, '2026-06-15T15:00:00.0000000Z', NULL);
INSERT INTO deal_tasks (id, deal_id, title, stage, status, assignee_id, due_date, is_from_template, created_at, completed_at) VALUES ('989cfb17-0a43-529b-a520-4bea7d32f310', 'd3c64206-2ae0-5405-8151-b60f27b3843d', 'Order third-party reports', 'UnderwritingReview', 'Open', '11111111-1111-1111-1111-111111111111', '2026-07-12', TRUE, '2026-06-15T15:00:00.0000000Z', NULL);
INSERT INTO deal_tasks (id, deal_id, title, stage, status, assignee_id, due_date, is_from_template, created_at, completed_at) VALUES ('c105ed15-eb78-5e51-b13c-f6cf42fed9c5', 'd3c64206-2ae0-5405-8151-b60f27b3843d', 'Complete site visit', 'UnderwritingReview', 'Done', NULL, '2026-07-25', TRUE, '2026-06-15T15:00:00.0000000Z', '2026-06-17T15:00:00.0000000Z');
INSERT INTO deal_tasks (id, deal_id, title, stage, status, assignee_id, due_date, is_from_template, created_at, completed_at) VALUES ('18514e0c-8482-553a-9b32-bc61e8063d9b', 'd3c64206-2ae0-5405-8151-b60f27b3843d', 'Follow up with local leasing broker', 'UnderwritingReview', 'Open', '11111111-1111-1111-1111-111111111111', '2026-07-16', FALSE, '2026-06-15T15:00:00.0000000Z', NULL);
INSERT INTO deal_tasks (id, deal_id, title, stage, status, assignee_id, due_date, is_from_template, created_at, completed_at) VALUES ('0e8ad737-b66d-5312-a33f-e5b097007ad2', 'f2f98ba1-9bb7-5944-8f1f-a38de4c5c49c', 'Review offering memorandum', 'InitialInterest', 'Done', NULL, NULL, TRUE, '2026-04-17T10:00:00.0000000Z', '2026-04-23T10:00:00.0000000Z');
INSERT INTO deal_tasks (id, deal_id, title, stage, status, assignee_id, due_date, is_from_template, created_at, completed_at) VALUES ('d34367cc-164d-5440-9c31-e7ab19aa4019', 'f2f98ba1-9bb7-5944-8f1f-a38de4c5c49c', 'Pull market comps', 'InitialInterest', 'Done', '44444444-4444-4444-4444-444444444444', NULL, TRUE, '2026-04-17T10:00:00.0000000Z', '2026-04-20T10:00:00.0000000Z');
INSERT INTO deal_tasks (id, deal_id, title, stage, status, assignee_id, due_date, is_from_template, created_at, completed_at) VALUES ('129b373e-3e24-560f-88c4-ff8d320e1700', 'f2f98ba1-9bb7-5944-8f1f-a38de4c5c49c', 'Run quick financial screen', 'InitialInterest', 'Done', NULL, NULL, TRUE, '2026-04-17T10:00:00.0000000Z', '2026-04-19T10:00:00.0000000Z');
INSERT INTO deal_tasks (id, deal_id, title, stage, status, assignee_id, due_date, is_from_template, created_at, completed_at) VALUES ('be0389f4-7f77-507c-9380-946200aa70de', 'f2f98ba1-9bb7-5944-8f1f-a38de4c5c49c', 'Execute NDA', 'NdaLoi', 'Done', '22222222-2222-2222-2222-222222222222', NULL, TRUE, '2026-05-01T19:00:00.0000000Z', '2026-05-03T19:00:00.0000000Z');
INSERT INTO deal_tasks (id, deal_id, title, stage, status, assignee_id, due_date, is_from_template, created_at, completed_at) VALUES ('65849ddf-ea6e-5510-8738-142af6146147', 'f2f98ba1-9bb7-5944-8f1f-a38de4c5c49c', 'Draft letter of intent', 'NdaLoi', 'Done', NULL, NULL, TRUE, '2026-05-01T19:00:00.0000000Z', '2026-05-03T19:00:00.0000000Z');
INSERT INTO deal_tasks (id, deal_id, title, stage, status, assignee_id, due_date, is_from_template, created_at, completed_at) VALUES ('375e2e67-364a-55c0-b61a-78660a8ab7e4', 'f2f98ba1-9bb7-5944-8f1f-a38de4c5c49c', 'Submit LOI to seller', 'NdaLoi', 'Done', '44444444-4444-4444-4444-444444444444', NULL, TRUE, '2026-05-01T19:00:00.0000000Z', '2026-05-02T19:00:00.0000000Z');
INSERT INTO deal_tasks (id, deal_id, title, stage, status, assignee_id, due_date, is_from_template, created_at, completed_at) VALUES ('b3844b2d-52f1-536e-93bf-6a65791182fb', 'f2f98ba1-9bb7-5944-8f1f-a38de4c5c49c', 'Build full underwriting model', 'UnderwritingReview', 'Done', NULL, '2026-07-14', TRUE, '2026-05-28T06:00:00.0000000Z', '2026-06-01T06:00:00.0000000Z');
INSERT INTO deal_tasks (id, deal_id, title, stage, status, assignee_id, due_date, is_from_template, created_at, completed_at) VALUES ('08e5856f-d158-5608-8a9c-302cf12b104c', 'f2f98ba1-9bb7-5944-8f1f-a38de4c5c49c', 'Order third-party reports', 'UnderwritingReview', 'Open', '22222222-2222-2222-2222-222222222222', '2026-07-30', TRUE, '2026-05-28T06:00:00.0000000Z', NULL);
INSERT INTO deal_tasks (id, deal_id, title, stage, status, assignee_id, due_date, is_from_template, created_at, completed_at) VALUES ('f1142c95-5cf8-56af-bc02-8c49a7213bf5', 'f2f98ba1-9bb7-5944-8f1f-a38de4c5c49c', 'Complete site visit', 'UnderwritingReview', 'Done', NULL, '2026-07-27', TRUE, '2026-05-28T06:00:00.0000000Z', '2026-06-01T06:00:00.0000000Z');
INSERT INTO deal_tasks (id, deal_id, title, stage, status, assignee_id, due_date, is_from_template, created_at, completed_at) VALUES ('a9bf6695-eeb9-5e5c-bd0d-d3bac6f146ad', '20d3e628-ad4b-579e-b61f-b9d64aa15de9', 'Review offering memorandum', 'InitialInterest', 'Done', NULL, NULL, TRUE, '2026-05-02T23:00:00.0000000Z', '2026-05-04T23:00:00.0000000Z');
INSERT INTO deal_tasks (id, deal_id, title, stage, status, assignee_id, due_date, is_from_template, created_at, completed_at) VALUES ('b1e40bf9-aa8a-55e7-8b29-d6c75cc77095', '20d3e628-ad4b-579e-b61f-b9d64aa15de9', 'Pull market comps', 'InitialInterest', 'Done', '11111111-1111-1111-1111-111111111111', NULL, TRUE, '2026-05-02T23:00:00.0000000Z', '2026-05-06T23:00:00.0000000Z');
INSERT INTO deal_tasks (id, deal_id, title, stage, status, assignee_id, due_date, is_from_template, created_at, completed_at) VALUES ('2b51bca2-2da4-52e1-88cf-c092622910b6', '20d3e628-ad4b-579e-b61f-b9d64aa15de9', 'Run quick financial screen', 'InitialInterest', 'Done', NULL, NULL, TRUE, '2026-05-02T23:00:00.0000000Z', '2026-05-08T23:00:00.0000000Z');
INSERT INTO deal_tasks (id, deal_id, title, stage, status, assignee_id, due_date, is_from_template, created_at, completed_at) VALUES ('b4558a77-ecc8-5b1a-93b7-19bc8bf9c86a', '20d3e628-ad4b-579e-b61f-b9d64aa15de9', 'Execute NDA', 'NdaLoi', 'Done', '33333333-3333-3333-3333-333333333333', NULL, TRUE, '2026-05-15T02:00:00.0000000Z', '2026-05-20T02:00:00.0000000Z');
INSERT INTO deal_tasks (id, deal_id, title, stage, status, assignee_id, due_date, is_from_template, created_at, completed_at) VALUES ('ad074808-9be0-544a-b514-0d9073895d7d', '20d3e628-ad4b-579e-b61f-b9d64aa15de9', 'Draft letter of intent', 'NdaLoi', 'Done', NULL, NULL, TRUE, '2026-05-15T02:00:00.0000000Z', '2026-05-20T02:00:00.0000000Z');
INSERT INTO deal_tasks (id, deal_id, title, stage, status, assignee_id, due_date, is_from_template, created_at, completed_at) VALUES ('545fb602-b4a5-58f9-ad61-62e66a46801f', '20d3e628-ad4b-579e-b61f-b9d64aa15de9', 'Submit LOI to seller', 'NdaLoi', 'Done', '11111111-1111-1111-1111-111111111111', NULL, TRUE, '2026-05-15T02:00:00.0000000Z', '2026-05-20T02:00:00.0000000Z');
INSERT INTO deal_tasks (id, deal_id, title, stage, status, assignee_id, due_date, is_from_template, created_at, completed_at) VALUES ('403ef28d-3b28-5f0e-995d-26ae3cc27f05', '20d3e628-ad4b-579e-b61f-b9d64aa15de9', 'Build full underwriting model', 'UnderwritingReview', 'Done', NULL, NULL, TRUE, '2026-06-14T14:00:00.0000000Z', '2026-06-17T14:00:00.0000000Z');
INSERT INTO deal_tasks (id, deal_id, title, stage, status, assignee_id, due_date, is_from_template, created_at, completed_at) VALUES ('81da8931-5c46-5a5b-b58a-67ea2345cbf1', '20d3e628-ad4b-579e-b61f-b9d64aa15de9', 'Order third-party reports', 'UnderwritingReview', 'Done', '33333333-3333-3333-3333-333333333333', NULL, TRUE, '2026-06-14T14:00:00.0000000Z', '2026-06-18T14:00:00.0000000Z');
INSERT INTO deal_tasks (id, deal_id, title, stage, status, assignee_id, due_date, is_from_template, created_at, completed_at) VALUES ('83398cef-a5d9-5f1a-934f-8298ecb91da7', '20d3e628-ad4b-579e-b61f-b9d64aa15de9', 'Complete site visit', 'UnderwritingReview', 'Done', NULL, NULL, TRUE, '2026-06-14T14:00:00.0000000Z', '2026-06-19T14:00:00.0000000Z');
INSERT INTO deal_tasks (id, deal_id, title, stage, status, assignee_id, due_date, is_from_template, created_at, completed_at) VALUES ('c4b55491-dff6-5c45-9791-7c827c7e487e', '20d3e628-ad4b-579e-b61f-b9d64aa15de9', 'Prepare IC memo', 'InvestmentCommittee', 'Open', '11111111-1111-1111-1111-111111111111', '2026-07-28', TRUE, '2026-07-05T22:00:00.0000000Z', NULL);
INSERT INTO deal_tasks (id, deal_id, title, stage, status, assignee_id, due_date, is_from_template, created_at, completed_at) VALUES ('564a1a57-1b51-52dd-8b84-eb41d3cf201c', '20d3e628-ad4b-579e-b61f-b9d64aa15de9', 'Schedule IC session', 'InvestmentCommittee', 'Open', NULL, '2026-07-29', TRUE, '2026-07-05T22:00:00.0000000Z', NULL);
INSERT INTO deal_tasks (id, deal_id, title, stage, status, assignee_id, due_date, is_from_template, created_at, completed_at) VALUES ('3bf21a86-19ee-5ad6-9a8b-da7f5eeec49f', '20d3e628-ad4b-579e-b61f-b9d64aa15de9', 'Circulate deal summary to committee', 'InvestmentCommittee', 'Open', '33333333-3333-3333-3333-333333333333', '2026-07-05', TRUE, '2026-07-05T22:00:00.0000000Z', NULL);
INSERT INTO deal_tasks (id, deal_id, title, stage, status, assignee_id, due_date, is_from_template, created_at, completed_at) VALUES ('350824c5-4614-53c0-a78d-62c549a41214', '10c8ca26-89d6-5bb6-b909-542ac02cf7b1', 'Review offering memorandum', 'InitialInterest', 'Done', NULL, NULL, TRUE, '2026-01-16T21:00:00.0000000Z', '2026-01-17T21:00:00.0000000Z');
INSERT INTO deal_tasks (id, deal_id, title, stage, status, assignee_id, due_date, is_from_template, created_at, completed_at) VALUES ('957737cd-c580-5682-becf-5d8cbf4f2cfa', '10c8ca26-89d6-5bb6-b909-542ac02cf7b1', 'Pull market comps', 'InitialInterest', 'Done', '22222222-2222-2222-2222-222222222222', NULL, TRUE, '2026-01-16T21:00:00.0000000Z', '2026-01-18T21:00:00.0000000Z');
INSERT INTO deal_tasks (id, deal_id, title, stage, status, assignee_id, due_date, is_from_template, created_at, completed_at) VALUES ('960a2b35-2101-5a86-9693-6a0b72be4a16', '10c8ca26-89d6-5bb6-b909-542ac02cf7b1', 'Run quick financial screen', 'InitialInterest', 'Done', NULL, NULL, TRUE, '2026-01-16T21:00:00.0000000Z', '2026-01-18T21:00:00.0000000Z');
INSERT INTO deal_tasks (id, deal_id, title, stage, status, assignee_id, due_date, is_from_template, created_at, completed_at) VALUES ('bd550bbe-be1b-5d44-aecd-41840d98e702', '10c8ca26-89d6-5bb6-b909-542ac02cf7b1', 'Execute NDA', 'NdaLoi', 'Done', '44444444-4444-4444-4444-444444444444', NULL, TRUE, '2026-02-11T01:00:00.0000000Z', '2026-02-13T01:00:00.0000000Z');
INSERT INTO deal_tasks (id, deal_id, title, stage, status, assignee_id, due_date, is_from_template, created_at, completed_at) VALUES ('cee2eb82-39fc-5ff5-8005-b0ea69f6e358', '10c8ca26-89d6-5bb6-b909-542ac02cf7b1', 'Draft letter of intent', 'NdaLoi', 'Done', NULL, NULL, TRUE, '2026-02-11T01:00:00.0000000Z', '2026-02-15T01:00:00.0000000Z');
INSERT INTO deal_tasks (id, deal_id, title, stage, status, assignee_id, due_date, is_from_template, created_at, completed_at) VALUES ('bdd89144-73ed-5805-a2c6-f5e87d93071d', '10c8ca26-89d6-5bb6-b909-542ac02cf7b1', 'Submit LOI to seller', 'NdaLoi', 'Done', '22222222-2222-2222-2222-222222222222', NULL, TRUE, '2026-02-11T01:00:00.0000000Z', '2026-02-17T01:00:00.0000000Z');
INSERT INTO deal_tasks (id, deal_id, title, stage, status, assignee_id, due_date, is_from_template, created_at, completed_at) VALUES ('1453e0aa-21f0-5028-8df7-c62b213cb796', '10c8ca26-89d6-5bb6-b909-542ac02cf7b1', 'Build full underwriting model', 'UnderwritingReview', 'Done', NULL, NULL, TRUE, '2026-02-24T09:00:00.0000000Z', '2026-02-26T09:00:00.0000000Z');
INSERT INTO deal_tasks (id, deal_id, title, stage, status, assignee_id, due_date, is_from_template, created_at, completed_at) VALUES ('d9a7edb5-6771-52e6-a59e-085f2505b958', '10c8ca26-89d6-5bb6-b909-542ac02cf7b1', 'Order third-party reports', 'UnderwritingReview', 'Done', '44444444-4444-4444-4444-444444444444', NULL, TRUE, '2026-02-24T09:00:00.0000000Z', '2026-03-02T09:00:00.0000000Z');
INSERT INTO deal_tasks (id, deal_id, title, stage, status, assignee_id, due_date, is_from_template, created_at, completed_at) VALUES ('0bbe4e48-24d9-535f-bfc6-024b50287653', '10c8ca26-89d6-5bb6-b909-542ac02cf7b1', 'Complete site visit', 'UnderwritingReview', 'Done', NULL, NULL, TRUE, '2026-02-24T09:00:00.0000000Z', '2026-02-26T09:00:00.0000000Z');
INSERT INTO deal_tasks (id, deal_id, title, stage, status, assignee_id, due_date, is_from_template, created_at, completed_at) VALUES ('05b7f333-1e5a-5822-b192-07c67bb38838', '10c8ca26-89d6-5bb6-b909-542ac02cf7b1', 'Prepare IC memo', 'InvestmentCommittee', 'Done', '22222222-2222-2222-2222-222222222222', '2026-07-22', TRUE, '2026-03-03T21:00:00.0000000Z', '2026-03-07T21:00:00.0000000Z');
INSERT INTO deal_tasks (id, deal_id, title, stage, status, assignee_id, due_date, is_from_template, created_at, completed_at) VALUES ('4fee3ee1-a2dd-582f-a9f2-26a91d91874f', '10c8ca26-89d6-5bb6-b909-542ac02cf7b1', 'Schedule IC session', 'InvestmentCommittee', 'Open', NULL, '2026-07-25', TRUE, '2026-03-03T21:00:00.0000000Z', NULL);
INSERT INTO deal_tasks (id, deal_id, title, stage, status, assignee_id, due_date, is_from_template, created_at, completed_at) VALUES ('468d11f8-a7ea-585a-abf2-c9729d6a4dd4', '10c8ca26-89d6-5bb6-b909-542ac02cf7b1', 'Circulate deal summary to committee', 'InvestmentCommittee', 'Done', '44444444-4444-4444-4444-444444444444', '2026-07-24', TRUE, '2026-03-03T21:00:00.0000000Z', '2026-03-07T21:00:00.0000000Z');
INSERT INTO deal_tasks (id, deal_id, title, stage, status, assignee_id, due_date, is_from_template, created_at, completed_at) VALUES ('d3b7d37b-d765-5b3c-aeb3-6d91f1d1de4a', '77824222-436d-5770-8522-977049b93056', 'Review offering memorandum', 'InitialInterest', 'Done', NULL, NULL, TRUE, '2026-03-01T03:00:00.0000000Z', '2026-03-04T03:00:00.0000000Z');
INSERT INTO deal_tasks (id, deal_id, title, stage, status, assignee_id, due_date, is_from_template, created_at, completed_at) VALUES ('4fc73738-121b-5bad-805a-16d65d1cf369', '77824222-436d-5770-8522-977049b93056', 'Pull market comps', 'InitialInterest', 'Done', '33333333-3333-3333-3333-333333333333', NULL, TRUE, '2026-03-01T03:00:00.0000000Z', '2026-03-05T03:00:00.0000000Z');
INSERT INTO deal_tasks (id, deal_id, title, stage, status, assignee_id, due_date, is_from_template, created_at, completed_at) VALUES ('c1889e6d-9275-5cd8-ac09-4fa20d8eca05', '77824222-436d-5770-8522-977049b93056', 'Run quick financial screen', 'InitialInterest', 'Done', NULL, NULL, TRUE, '2026-03-01T03:00:00.0000000Z', '2026-03-05T03:00:00.0000000Z');
INSERT INTO deal_tasks (id, deal_id, title, stage, status, assignee_id, due_date, is_from_template, created_at, completed_at) VALUES ('98762be6-d2d1-54d0-b7ca-d918e6aff8a8', '77824222-436d-5770-8522-977049b93056', 'Execute NDA', 'NdaLoi', 'Done', '11111111-1111-1111-1111-111111111111', NULL, TRUE, '2026-03-30T10:00:00.0000000Z', '2026-03-31T10:00:00.0000000Z');
INSERT INTO deal_tasks (id, deal_id, title, stage, status, assignee_id, due_date, is_from_template, created_at, completed_at) VALUES ('20e25982-15fb-5545-95d0-a34579208157', '77824222-436d-5770-8522-977049b93056', 'Draft letter of intent', 'NdaLoi', 'Done', NULL, NULL, TRUE, '2026-03-30T10:00:00.0000000Z', '2026-04-03T10:00:00.0000000Z');
INSERT INTO deal_tasks (id, deal_id, title, stage, status, assignee_id, due_date, is_from_template, created_at, completed_at) VALUES ('db4117ac-8d20-5c7b-b1c9-1877294b3b63', '77824222-436d-5770-8522-977049b93056', 'Submit LOI to seller', 'NdaLoi', 'Done', '33333333-3333-3333-3333-333333333333', NULL, TRUE, '2026-03-30T10:00:00.0000000Z', '2026-04-02T10:00:00.0000000Z');
INSERT INTO deal_tasks (id, deal_id, title, stage, status, assignee_id, due_date, is_from_template, created_at, completed_at) VALUES ('0b14e95b-5795-511c-8e1b-e11360ca57a2', '77824222-436d-5770-8522-977049b93056', 'Build full underwriting model', 'UnderwritingReview', 'Done', NULL, NULL, TRUE, '2026-04-17T19:00:00.0000000Z', '2026-04-23T19:00:00.0000000Z');
INSERT INTO deal_tasks (id, deal_id, title, stage, status, assignee_id, due_date, is_from_template, created_at, completed_at) VALUES ('b20e90e5-2f69-5364-bf15-4864446b0a71', '77824222-436d-5770-8522-977049b93056', 'Order third-party reports', 'UnderwritingReview', 'Done', '11111111-1111-1111-1111-111111111111', NULL, TRUE, '2026-04-17T19:00:00.0000000Z', '2026-04-23T19:00:00.0000000Z');
INSERT INTO deal_tasks (id, deal_id, title, stage, status, assignee_id, due_date, is_from_template, created_at, completed_at) VALUES ('e90de0c9-bce3-520d-89d4-eb902d422a83', '77824222-436d-5770-8522-977049b93056', 'Complete site visit', 'UnderwritingReview', 'Done', NULL, NULL, TRUE, '2026-04-17T19:00:00.0000000Z', '2026-04-21T19:00:00.0000000Z');
INSERT INTO deal_tasks (id, deal_id, title, stage, status, assignee_id, due_date, is_from_template, created_at, completed_at) VALUES ('9629d234-773b-506c-9f7d-95e60481c7e3', '77824222-436d-5770-8522-977049b93056', 'Prepare IC memo', 'InvestmentCommittee', 'Open', '33333333-3333-3333-3333-333333333333', '2026-07-26', TRUE, '2026-05-16T07:00:00.0000000Z', NULL);
INSERT INTO deal_tasks (id, deal_id, title, stage, status, assignee_id, due_date, is_from_template, created_at, completed_at) VALUES ('c363718e-70ef-5296-8d64-28494c463bc9', '77824222-436d-5770-8522-977049b93056', 'Schedule IC session', 'InvestmentCommittee', 'Open', NULL, '2026-07-29', TRUE, '2026-05-16T07:00:00.0000000Z', NULL);
INSERT INTO deal_tasks (id, deal_id, title, stage, status, assignee_id, due_date, is_from_template, created_at, completed_at) VALUES ('41c7b789-ecfb-5eb2-a421-f7d50abcea12', '77824222-436d-5770-8522-977049b93056', 'Circulate deal summary to committee', 'InvestmentCommittee', 'Done', '11111111-1111-1111-1111-111111111111', '2026-07-30', TRUE, '2026-05-16T07:00:00.0000000Z', '2026-05-20T07:00:00.0000000Z');
INSERT INTO deal_tasks (id, deal_id, title, stage, status, assignee_id, due_date, is_from_template, created_at, completed_at) VALUES ('5796d522-3973-5830-95eb-0b07e153ae2c', '77824222-436d-5770-8522-977049b93056', 'Follow up with local leasing broker', 'InvestmentCommittee', 'Open', '11111111-1111-1111-1111-111111111111', '2026-07-16', FALSE, '2026-05-16T07:00:00.0000000Z', NULL);
INSERT INTO deal_tasks (id, deal_id, title, stage, status, assignee_id, due_date, is_from_template, created_at, completed_at) VALUES ('fa8abcb3-62cd-5240-be33-0568b95871c0', '4f8b79bc-76fe-5dc1-8036-9a272b1cced4', 'Review offering memorandum', 'InitialInterest', 'Done', NULL, NULL, TRUE, '2026-04-14T11:00:00.0000000Z', '2026-04-15T11:00:00.0000000Z');
INSERT INTO deal_tasks (id, deal_id, title, stage, status, assignee_id, due_date, is_from_template, created_at, completed_at) VALUES ('2231c50a-2a32-5595-97e5-a513bc7a7357', '4f8b79bc-76fe-5dc1-8036-9a272b1cced4', 'Pull market comps', 'InitialInterest', 'Done', '44444444-4444-4444-4444-444444444444', NULL, TRUE, '2026-04-14T11:00:00.0000000Z', '2026-04-18T11:00:00.0000000Z');
INSERT INTO deal_tasks (id, deal_id, title, stage, status, assignee_id, due_date, is_from_template, created_at, completed_at) VALUES ('9b09ce82-82ff-575b-b484-64c4c1aeda41', '4f8b79bc-76fe-5dc1-8036-9a272b1cced4', 'Run quick financial screen', 'InitialInterest', 'Done', NULL, NULL, TRUE, '2026-04-14T11:00:00.0000000Z', '2026-04-15T11:00:00.0000000Z');
INSERT INTO deal_tasks (id, deal_id, title, stage, status, assignee_id, due_date, is_from_template, created_at, completed_at) VALUES ('e0805b0a-9277-5a0c-b082-21ec9220efc6', '4f8b79bc-76fe-5dc1-8036-9a272b1cced4', 'Execute NDA', 'NdaLoi', 'Done', '22222222-2222-2222-2222-222222222222', NULL, TRUE, '2026-04-27T18:00:00.0000000Z', '2026-05-03T18:00:00.0000000Z');
INSERT INTO deal_tasks (id, deal_id, title, stage, status, assignee_id, due_date, is_from_template, created_at, completed_at) VALUES ('e48f6019-d707-533a-85f1-11dbdf286099', '4f8b79bc-76fe-5dc1-8036-9a272b1cced4', 'Draft letter of intent', 'NdaLoi', 'Done', NULL, NULL, TRUE, '2026-04-27T18:00:00.0000000Z', '2026-05-02T18:00:00.0000000Z');
INSERT INTO deal_tasks (id, deal_id, title, stage, status, assignee_id, due_date, is_from_template, created_at, completed_at) VALUES ('6aec6467-0604-593c-b500-cf0f12cb3140', '4f8b79bc-76fe-5dc1-8036-9a272b1cced4', 'Submit LOI to seller', 'NdaLoi', 'Done', '44444444-4444-4444-4444-444444444444', NULL, TRUE, '2026-04-27T18:00:00.0000000Z', '2026-04-28T18:00:00.0000000Z');
INSERT INTO deal_tasks (id, deal_id, title, stage, status, assignee_id, due_date, is_from_template, created_at, completed_at) VALUES ('8f5cfd32-e5b6-50aa-94d5-2c629d6791a2', '4f8b79bc-76fe-5dc1-8036-9a272b1cced4', 'Build full underwriting model', 'UnderwritingReview', 'Done', NULL, NULL, TRUE, '2026-05-12T22:00:00.0000000Z', '2026-05-15T22:00:00.0000000Z');
INSERT INTO deal_tasks (id, deal_id, title, stage, status, assignee_id, due_date, is_from_template, created_at, completed_at) VALUES ('062cedba-e202-5a03-977f-b539fe69e290', '4f8b79bc-76fe-5dc1-8036-9a272b1cced4', 'Order third-party reports', 'UnderwritingReview', 'Done', '22222222-2222-2222-2222-222222222222', NULL, TRUE, '2026-05-12T22:00:00.0000000Z', '2026-05-14T22:00:00.0000000Z');
INSERT INTO deal_tasks (id, deal_id, title, stage, status, assignee_id, due_date, is_from_template, created_at, completed_at) VALUES ('52103d4f-dbef-5764-b866-9ae67addab4a', '4f8b79bc-76fe-5dc1-8036-9a272b1cced4', 'Complete site visit', 'UnderwritingReview', 'Done', NULL, NULL, TRUE, '2026-05-12T22:00:00.0000000Z', '2026-05-18T22:00:00.0000000Z');
INSERT INTO deal_tasks (id, deal_id, title, stage, status, assignee_id, due_date, is_from_template, created_at, completed_at) VALUES ('d6464b82-e7dc-53a3-ac70-65b3825b8eb2', '4f8b79bc-76fe-5dc1-8036-9a272b1cced4', 'Prepare IC memo', 'InvestmentCommittee', 'Done', '44444444-4444-4444-4444-444444444444', NULL, TRUE, '2026-06-01T04:00:00.0000000Z', '2026-06-02T04:00:00.0000000Z');
INSERT INTO deal_tasks (id, deal_id, title, stage, status, assignee_id, due_date, is_from_template, created_at, completed_at) VALUES ('7afb869f-b69b-5a00-a4c8-2db086eefa3d', '4f8b79bc-76fe-5dc1-8036-9a272b1cced4', 'Schedule IC session', 'InvestmentCommittee', 'Done', NULL, NULL, TRUE, '2026-06-01T04:00:00.0000000Z', '2026-06-07T04:00:00.0000000Z');
INSERT INTO deal_tasks (id, deal_id, title, stage, status, assignee_id, due_date, is_from_template, created_at, completed_at) VALUES ('50fda32a-0329-5abd-bc66-d44cac0926c5', '4f8b79bc-76fe-5dc1-8036-9a272b1cced4', 'Circulate deal summary to committee', 'InvestmentCommittee', 'Done', '22222222-2222-2222-2222-222222222222', NULL, TRUE, '2026-06-01T04:00:00.0000000Z', '2026-06-02T04:00:00.0000000Z');
INSERT INTO deal_tasks (id, deal_id, title, stage, status, assignee_id, due_date, is_from_template, created_at, completed_at) VALUES ('07402fbf-dfc7-5c00-814e-8613d58521f0', '4f8b79bc-76fe-5dc1-8036-9a272b1cced4', 'Open escrow', 'Acquired', 'Open', NULL, '2026-07-19', TRUE, '2026-06-16T11:00:00.0000000Z', NULL);
INSERT INTO deal_tasks (id, deal_id, title, stage, status, assignee_id, due_date, is_from_template, created_at, completed_at) VALUES ('06512597-6919-56dc-af93-5a0f3c4fe0b4', '4f8b79bc-76fe-5dc1-8036-9a272b1cced4', 'Complete closing checklist', 'Acquired', 'Done', '44444444-4444-4444-4444-444444444444', '2026-07-16', TRUE, '2026-06-16T11:00:00.0000000Z', '2026-06-17T11:00:00.0000000Z');
INSERT INTO deal_tasks (id, deal_id, title, stage, status, assignee_id, due_date, is_from_template, created_at, completed_at) VALUES ('174a7d2e-0636-558b-aad7-f9e415b98a07', '4f8b79bc-76fe-5dc1-8036-9a272b1cced4', 'Hand off to asset management', 'Acquired', 'Done', NULL, '2026-07-15', TRUE, '2026-06-16T11:00:00.0000000Z', '2026-06-20T11:00:00.0000000Z');
INSERT INTO deal_tasks (id, deal_id, title, stage, status, assignee_id, due_date, is_from_template, created_at, completed_at) VALUES ('b3d063c6-f562-50ea-94d7-623490eda544', '42daad9a-0872-5c3b-a264-86b957ea0e18', 'Review offering memorandum', 'InitialInterest', 'Done', NULL, NULL, TRUE, '2026-04-17T17:00:00.0000000Z', '2026-04-21T17:00:00.0000000Z');
INSERT INTO deal_tasks (id, deal_id, title, stage, status, assignee_id, due_date, is_from_template, created_at, completed_at) VALUES ('36092761-2f83-5b05-a2be-6170d96d1407', '42daad9a-0872-5c3b-a264-86b957ea0e18', 'Pull market comps', 'InitialInterest', 'Done', '11111111-1111-1111-1111-111111111111', NULL, TRUE, '2026-04-17T17:00:00.0000000Z', '2026-04-21T17:00:00.0000000Z');
INSERT INTO deal_tasks (id, deal_id, title, stage, status, assignee_id, due_date, is_from_template, created_at, completed_at) VALUES ('6a99d3a0-4e8a-553b-be0c-a03dd60c494c', '42daad9a-0872-5c3b-a264-86b957ea0e18', 'Run quick financial screen', 'InitialInterest', 'Done', NULL, NULL, TRUE, '2026-04-17T17:00:00.0000000Z', '2026-04-23T17:00:00.0000000Z');
INSERT INTO deal_tasks (id, deal_id, title, stage, status, assignee_id, due_date, is_from_template, created_at, completed_at) VALUES ('0931fa6c-5352-5bc7-b381-cc9968df2781', '42daad9a-0872-5c3b-a264-86b957ea0e18', 'Execute NDA', 'NdaLoi', 'Done', '33333333-3333-3333-3333-333333333333', NULL, TRUE, '2026-05-12T05:00:00.0000000Z', '2026-05-14T05:00:00.0000000Z');
INSERT INTO deal_tasks (id, deal_id, title, stage, status, assignee_id, due_date, is_from_template, created_at, completed_at) VALUES ('fa038ec8-054b-505c-b15e-c01a67546857', '42daad9a-0872-5c3b-a264-86b957ea0e18', 'Draft letter of intent', 'NdaLoi', 'Done', NULL, NULL, TRUE, '2026-05-12T05:00:00.0000000Z', '2026-05-13T05:00:00.0000000Z');
INSERT INTO deal_tasks (id, deal_id, title, stage, status, assignee_id, due_date, is_from_template, created_at, completed_at) VALUES ('b1917e20-a752-53d4-a13d-cbacd6104717', '42daad9a-0872-5c3b-a264-86b957ea0e18', 'Submit LOI to seller', 'NdaLoi', 'Done', '11111111-1111-1111-1111-111111111111', NULL, TRUE, '2026-05-12T05:00:00.0000000Z', '2026-05-17T05:00:00.0000000Z');
INSERT INTO deal_tasks (id, deal_id, title, stage, status, assignee_id, due_date, is_from_template, created_at, completed_at) VALUES ('a3e05657-5687-5c9f-9a54-edad390ac97c', '42daad9a-0872-5c3b-a264-86b957ea0e18', 'Build full underwriting model', 'UnderwritingReview', 'Done', NULL, NULL, TRUE, '2026-06-08T07:00:00.0000000Z', '2026-06-14T07:00:00.0000000Z');
INSERT INTO deal_tasks (id, deal_id, title, stage, status, assignee_id, due_date, is_from_template, created_at, completed_at) VALUES ('52517d95-b19f-564b-98ac-f3da0bc8028f', '42daad9a-0872-5c3b-a264-86b957ea0e18', 'Order third-party reports', 'UnderwritingReview', 'Done', '33333333-3333-3333-3333-333333333333', NULL, TRUE, '2026-06-08T07:00:00.0000000Z', '2026-06-14T07:00:00.0000000Z');
INSERT INTO deal_tasks (id, deal_id, title, stage, status, assignee_id, due_date, is_from_template, created_at, completed_at) VALUES ('665e5211-b3a8-5344-92e8-892f2d80263e', '42daad9a-0872-5c3b-a264-86b957ea0e18', 'Complete site visit', 'UnderwritingReview', 'Done', NULL, NULL, TRUE, '2026-06-08T07:00:00.0000000Z', '2026-06-10T07:00:00.0000000Z');
INSERT INTO deal_tasks (id, deal_id, title, stage, status, assignee_id, due_date, is_from_template, created_at, completed_at) VALUES ('ca3b8316-3ae3-54bc-a0e1-9d139cbe8804', '42daad9a-0872-5c3b-a264-86b957ea0e18', 'Prepare IC memo', 'InvestmentCommittee', 'Done', '11111111-1111-1111-1111-111111111111', NULL, TRUE, '2026-07-07T10:00:00.0000000Z', '2026-07-08T10:00:00.0000000Z');
INSERT INTO deal_tasks (id, deal_id, title, stage, status, assignee_id, due_date, is_from_template, created_at, completed_at) VALUES ('62187078-76f1-5eee-8757-7c6a4783c21a', '42daad9a-0872-5c3b-a264-86b957ea0e18', 'Schedule IC session', 'InvestmentCommittee', 'Done', NULL, NULL, TRUE, '2026-07-07T10:00:00.0000000Z', '2026-07-13T10:00:00.0000000Z');
INSERT INTO deal_tasks (id, deal_id, title, stage, status, assignee_id, due_date, is_from_template, created_at, completed_at) VALUES ('28d0f0cf-1e02-524b-be3f-1aab932ca7af', '42daad9a-0872-5c3b-a264-86b957ea0e18', 'Circulate deal summary to committee', 'InvestmentCommittee', 'Done', '33333333-3333-3333-3333-333333333333', NULL, TRUE, '2026-07-07T10:00:00.0000000Z', '2026-07-10T10:00:00.0000000Z');
INSERT INTO deal_tasks (id, deal_id, title, stage, status, assignee_id, due_date, is_from_template, created_at, completed_at) VALUES ('3ef49763-4cb8-5bc0-9dc7-de0398730fee', '42daad9a-0872-5c3b-a264-86b957ea0e18', 'Open escrow', 'Acquired', 'Open', NULL, '2026-07-15', TRUE, '2026-07-21T12:00:00.0000000Z', NULL);
INSERT INTO deal_tasks (id, deal_id, title, stage, status, assignee_id, due_date, is_from_template, created_at, completed_at) VALUES ('8ad465b1-aa32-5961-be7d-43a29ce1c3ee', '42daad9a-0872-5c3b-a264-86b957ea0e18', 'Complete closing checklist', 'Acquired', 'Open', '11111111-1111-1111-1111-111111111111', '2026-07-30', TRUE, '2026-07-21T12:00:00.0000000Z', NULL);
INSERT INTO deal_tasks (id, deal_id, title, stage, status, assignee_id, due_date, is_from_template, created_at, completed_at) VALUES ('44c24628-7bfc-50d2-ae99-92ac15afe46b', '42daad9a-0872-5c3b-a264-86b957ea0e18', 'Hand off to asset management', 'Acquired', 'Open', NULL, '2026-07-23', TRUE, '2026-07-21T12:00:00.0000000Z', NULL);
INSERT INTO deal_tasks (id, deal_id, title, stage, status, assignee_id, due_date, is_from_template, created_at, completed_at) VALUES ('716288fe-b20f-56e3-b930-8a3996d807d1', '12b10dbb-acee-5a75-87f2-e985725c82e3', 'Review offering memorandum', 'InitialInterest', 'Done', NULL, NULL, TRUE, '2026-01-25T09:00:00.0000000Z', '2026-01-27T09:00:00.0000000Z');
INSERT INTO deal_tasks (id, deal_id, title, stage, status, assignee_id, due_date, is_from_template, created_at, completed_at) VALUES ('7f3c9583-d89e-5051-abe8-8d2765580b9e', '12b10dbb-acee-5a75-87f2-e985725c82e3', 'Pull market comps', 'InitialInterest', 'Done', '22222222-2222-2222-2222-222222222222', NULL, TRUE, '2026-01-25T09:00:00.0000000Z', '2026-01-31T09:00:00.0000000Z');
INSERT INTO deal_tasks (id, deal_id, title, stage, status, assignee_id, due_date, is_from_template, created_at, completed_at) VALUES ('919e1762-e7a1-5e2f-9359-98810cc5339f', '12b10dbb-acee-5a75-87f2-e985725c82e3', 'Run quick financial screen', 'InitialInterest', 'Done', NULL, NULL, TRUE, '2026-01-25T09:00:00.0000000Z', '2026-01-30T09:00:00.0000000Z');
INSERT INTO deal_tasks (id, deal_id, title, stage, status, assignee_id, due_date, is_from_template, created_at, completed_at) VALUES ('9d241eb9-3eba-599b-9a59-612b8bcd8e95', '12b10dbb-acee-5a75-87f2-e985725c82e3', 'Execute NDA', 'NdaLoi', 'Done', '44444444-4444-4444-4444-444444444444', NULL, TRUE, '2026-02-12T15:00:00.0000000Z', '2026-02-18T15:00:00.0000000Z');
INSERT INTO deal_tasks (id, deal_id, title, stage, status, assignee_id, due_date, is_from_template, created_at, completed_at) VALUES ('4b4a9726-a277-566e-993f-220e6c3b00ba', '12b10dbb-acee-5a75-87f2-e985725c82e3', 'Draft letter of intent', 'NdaLoi', 'Done', NULL, NULL, TRUE, '2026-02-12T15:00:00.0000000Z', '2026-02-15T15:00:00.0000000Z');
INSERT INTO deal_tasks (id, deal_id, title, stage, status, assignee_id, due_date, is_from_template, created_at, completed_at) VALUES ('b312ec62-370a-5e6a-bd8e-299ecab9b6d1', '12b10dbb-acee-5a75-87f2-e985725c82e3', 'Submit LOI to seller', 'NdaLoi', 'Done', '22222222-2222-2222-2222-222222222222', NULL, TRUE, '2026-02-12T15:00:00.0000000Z', '2026-02-17T15:00:00.0000000Z');
INSERT INTO deal_tasks (id, deal_id, title, stage, status, assignee_id, due_date, is_from_template, created_at, completed_at) VALUES ('b68b46ef-c274-55bb-ad73-8563cf3d1f7f', 'eff3efe9-33df-5766-ad9f-57a45ff5a8d1', 'Review offering memorandum', 'InitialInterest', 'Done', NULL, NULL, TRUE, '2026-05-08T04:00:00.0000000Z', '2026-05-12T04:00:00.0000000Z');
INSERT INTO deal_tasks (id, deal_id, title, stage, status, assignee_id, due_date, is_from_template, created_at, completed_at) VALUES ('d60a0a51-db39-5a32-99f0-70280d0a72f9', 'eff3efe9-33df-5766-ad9f-57a45ff5a8d1', 'Pull market comps', 'InitialInterest', 'Done', '33333333-3333-3333-3333-333333333333', NULL, TRUE, '2026-05-08T04:00:00.0000000Z', '2026-05-11T04:00:00.0000000Z');
INSERT INTO deal_tasks (id, deal_id, title, stage, status, assignee_id, due_date, is_from_template, created_at, completed_at) VALUES ('d50ae127-4a25-5471-9011-64f3f94ba45c', 'eff3efe9-33df-5766-ad9f-57a45ff5a8d1', 'Run quick financial screen', 'InitialInterest', 'Done', NULL, NULL, TRUE, '2026-05-08T04:00:00.0000000Z', '2026-05-09T04:00:00.0000000Z');
INSERT INTO deal_tasks (id, deal_id, title, stage, status, assignee_id, due_date, is_from_template, created_at, completed_at) VALUES ('942db26f-2040-53c4-91b9-ca0da9103fac', '2301fcae-19c8-5bf4-a104-ad3a75b22130', 'Review offering memorandum', 'InitialInterest', 'Done', NULL, NULL, TRUE, '2026-03-04T04:00:00.0000000Z', '2026-03-06T04:00:00.0000000Z');
INSERT INTO deal_tasks (id, deal_id, title, stage, status, assignee_id, due_date, is_from_template, created_at, completed_at) VALUES ('2e743347-545d-5f7d-b413-74429af7b53c', '2301fcae-19c8-5bf4-a104-ad3a75b22130', 'Pull market comps', 'InitialInterest', 'Done', '44444444-4444-4444-4444-444444444444', NULL, TRUE, '2026-03-04T04:00:00.0000000Z', '2026-03-10T04:00:00.0000000Z');
INSERT INTO deal_tasks (id, deal_id, title, stage, status, assignee_id, due_date, is_from_template, created_at, completed_at) VALUES ('1f211585-8a65-5267-ba55-cf88abc3d9ed', '2301fcae-19c8-5bf4-a104-ad3a75b22130', 'Run quick financial screen', 'InitialInterest', 'Done', NULL, NULL, TRUE, '2026-03-04T04:00:00.0000000Z', '2026-03-08T04:00:00.0000000Z');
INSERT INTO deal_tasks (id, deal_id, title, stage, status, assignee_id, due_date, is_from_template, created_at, completed_at) VALUES ('419fac92-d3a1-50be-b765-c7959cd7bf29', '2301fcae-19c8-5bf4-a104-ad3a75b22130', 'Execute NDA', 'NdaLoi', 'Done', '22222222-2222-2222-2222-222222222222', NULL, TRUE, '2026-03-28T16:00:00.0000000Z', '2026-04-01T16:00:00.0000000Z');
INSERT INTO deal_tasks (id, deal_id, title, stage, status, assignee_id, due_date, is_from_template, created_at, completed_at) VALUES ('15dc27d2-1311-516e-8535-8b46a9e37afc', '2301fcae-19c8-5bf4-a104-ad3a75b22130', 'Draft letter of intent', 'NdaLoi', 'Done', NULL, NULL, TRUE, '2026-03-28T16:00:00.0000000Z', '2026-04-02T16:00:00.0000000Z');
INSERT INTO deal_tasks (id, deal_id, title, stage, status, assignee_id, due_date, is_from_template, created_at, completed_at) VALUES ('fd6372ca-232b-514f-8622-a844bdffd9f2', '2301fcae-19c8-5bf4-a104-ad3a75b22130', 'Submit LOI to seller', 'NdaLoi', 'Done', '44444444-4444-4444-4444-444444444444', NULL, TRUE, '2026-03-28T16:00:00.0000000Z', '2026-03-30T16:00:00.0000000Z');

-- deal_comments: 62 rows
INSERT INTO deal_comments (id, deal_id, parent_id, body, author_id, is_ai_generated, created_at) VALUES ('70a36c3e-9bce-5547-97d7-4940bdd3f69a', '2709f0cb-bbd1-53eb-8e34-1aff6f024006', NULL, 'Debt quotes are coming in wider than underwritten. Watching closely.', '22222222-2222-2222-2222-222222222222', FALSE, '2026-02-22T18:00:00.0000000Z');
INSERT INTO deal_comments (id, deal_id, parent_id, body, author_id, is_ai_generated, created_at) VALUES ('88c03e79-a99a-54bc-91ec-92df5da873e4', '2709f0cb-bbd1-53eb-8e34-1aff6f024006', NULL, 'Environmental consultant flagged nothing material in the records search.', '33333333-3333-3333-3333-333333333333', FALSE, '2026-02-22T19:00:00.0000000Z');
INSERT INTO deal_comments (id, deal_id, parent_id, body, author_id, is_ai_generated, created_at) VALUES ('b5e9b44e-0c26-5a62-8f97-f21ecb355fd6', '579497b8-6629-5bc5-a715-fb525a82eea8', NULL, 'IC pre-read circulated; expect questions on exit cap assumptions.', '33333333-3333-3333-3333-333333333333', FALSE, '2026-01-26T12:00:00.0000000Z');
INSERT INTO deal_comments (id, deal_id, parent_id, body, author_id, is_ai_generated, created_at) VALUES ('b7533050-60eb-5dfb-a7e2-fe95d7e963d4', '579497b8-6629-5bc5-a715-fb525a82eea8', NULL, 'Tenant interviews went well — no unexpected vacancy signals.', '44444444-4444-4444-4444-444444444444', FALSE, '2026-02-08T13:00:00.0000000Z');
INSERT INTO deal_comments (id, deal_id, parent_id, body, author_id, is_ai_generated, created_at) VALUES ('9726b99b-b110-5a6c-8a82-c5a356f2f730', '3f2bfae6-a2be-51be-97f4-da49c179dd89', NULL, 'Seller is motivated; broker hinted at flexibility on price.', '44444444-4444-4444-4444-444444444444', FALSE, '2026-04-12T16:00:00.0000000Z');
INSERT INTO deal_comments (id, deal_id, parent_id, body, author_id, is_ai_generated, created_at) VALUES ('cc1ba8bc-6806-5bcd-87b4-47e2ed907ab2', '3f2bfae6-a2be-51be-97f4-da49c179dd89', NULL, 'Comps in this submarket support our basis. Proceeding.', '11111111-1111-1111-1111-111111111111', FALSE, '2026-04-10T17:00:00.0000000Z');
INSERT INTO deal_comments (id, deal_id, parent_id, body, author_id, is_ai_generated, created_at) VALUES ('376e7548-39e5-549a-bbf6-7bd044da4974', '3f2bfae6-a2be-51be-97f4-da49c179dd89', NULL, 'Debt quotes are coming in wider than underwritten. Watching closely.', '22222222-2222-2222-2222-222222222222', FALSE, '2026-04-09T18:00:00.0000000Z');
INSERT INTO deal_comments (id, deal_id, parent_id, body, author_id, is_ai_generated, created_at) VALUES ('cac21438-013a-5637-858e-3e3662bc0aea', '57818ac6-037b-55bc-9c3f-44c0df1d27c4', NULL, 'Environmental consultant flagged nothing material in the records search.', '11111111-1111-1111-1111-111111111111', FALSE, '2026-04-28T18:00:00.0000000Z');
INSERT INTO deal_comments (id, deal_id, parent_id, body, author_id, is_ai_generated, created_at) VALUES ('2f3235b6-f551-597a-a70a-577bb93b08ca', '57818ac6-037b-55bc-9c3f-44c0df1d27c4', NULL, 'Rent roll shows two leases rolling within 18 months.', '22222222-2222-2222-2222-222222222222', FALSE, '2026-04-16T19:00:00.0000000Z');
INSERT INTO deal_comments (id, deal_id, parent_id, body, author_id, is_ai_generated, created_at) VALUES ('16c0215a-fb04-5946-bd2a-aa433b39b92a', '3b217425-c084-5141-8c05-4d23d3d97e2e', NULL, 'Tenant interviews went well — no unexpected vacancy signals.', '22222222-2222-2222-2222-222222222222', FALSE, '2026-03-11T16:00:00.0000000Z');
INSERT INTO deal_comments (id, deal_id, parent_id, body, author_id, is_ai_generated, created_at) VALUES ('d4f6eea1-d8c1-58b5-9014-69b556b62e5a', '3b217425-c084-5141-8c05-4d23d3d97e2e', NULL, 'Walked the site yesterday — the roof is newer than the OM suggests.', '33333333-3333-3333-3333-333333333333', FALSE, '2026-03-09T17:00:00.0000000Z');
INSERT INTO deal_comments (id, deal_id, parent_id, body, author_id, is_ai_generated, created_at) VALUES ('bf369528-5034-58a7-b712-d873469b7a75', 'c8bc8949-bbe6-58f2-a07b-7c066cd78e87', NULL, 'Comps in this submarket support our basis. Proceeding.', '33333333-3333-3333-3333-333333333333', FALSE, '2026-05-26T02:00:00.0000000Z');
INSERT INTO deal_comments (id, deal_id, parent_id, body, author_id, is_ai_generated, created_at) VALUES ('2c091385-3e45-5af6-bc2b-06abe7cfb7a6', 'c8bc8949-bbe6-58f2-a07b-7c066cd78e87', NULL, 'Debt quotes are coming in wider than underwritten. Watching closely.', '44444444-4444-4444-4444-444444444444', FALSE, '2026-05-26T03:00:00.0000000Z');
INSERT INTO deal_comments (id, deal_id, parent_id, body, author_id, is_ai_generated, created_at) VALUES ('037cbbf2-bdb4-5d10-8074-8fcdf2d55468', '1d0b206b-e2f9-570b-aaf0-5d5e1e731528', NULL, 'Rent roll shows two leases rolling within 18 months.', '44444444-4444-4444-4444-444444444444', FALSE, '2026-02-18T22:00:00.0000000Z');
INSERT INTO deal_comments (id, deal_id, parent_id, body, author_id, is_ai_generated, created_at) VALUES ('1eeb755e-457e-5c00-a7b6-379041c74fa5', '1d0b206b-e2f9-570b-aaf0-5d5e1e731528', NULL, 'IC pre-read circulated; expect questions on exit cap assumptions.', '11111111-1111-1111-1111-111111111111', FALSE, '2026-02-27T23:00:00.0000000Z');
INSERT INTO deal_comments (id, deal_id, parent_id, body, author_id, is_ai_generated, created_at) VALUES ('69ae72f0-66a5-5faa-9ae9-2896c80ba087', '1d0b206b-e2f9-570b-aaf0-5d5e1e731528', NULL, 'Tenant interviews went well — no unexpected vacancy signals.', '22222222-2222-2222-2222-222222222222', FALSE, '2026-02-20T00:00:00.0000000Z');
INSERT INTO deal_comments (id, deal_id, parent_id, body, author_id, is_ai_generated, created_at) VALUES ('2b740c5a-a15a-55ed-aa24-70a9e807dd44', '3af0c9e4-516f-5744-98e7-fd7b85ea933a', NULL, 'Walked the site yesterday — the roof is newer than the OM suggests.', '11111111-1111-1111-1111-111111111111', FALSE, '2026-06-09T22:00:00.0000000Z');
INSERT INTO deal_comments (id, deal_id, parent_id, body, author_id, is_ai_generated, created_at) VALUES ('5f10bf68-b1d1-52ce-a34b-ab9602e96061', '3af0c9e4-516f-5744-98e7-fd7b85ea933a', NULL, 'Seller is motivated; broker hinted at flexibility on price.', '22222222-2222-2222-2222-222222222222', FALSE, '2026-06-05T23:00:00.0000000Z');
INSERT INTO deal_comments (id, deal_id, parent_id, body, author_id, is_ai_generated, created_at) VALUES ('b297c7af-ac23-5ccb-937e-3336baefa010', '3af0c9e4-516f-5744-98e7-fd7b85ea933a', NULL, 'Deal advanced to NdaLoi. Prior stage lasted 30 days; 3 template tasks were generated.', '33333333-3333-3333-3333-333333333333', TRUE, '2026-05-26T00:00:00.0000000Z');
INSERT INTO deal_comments (id, deal_id, parent_id, body, author_id, is_ai_generated, created_at) VALUES ('45df68d3-47ca-55a8-8694-d01d3b62fb22', '5e1a462f-ebef-59f1-b74c-eb951110d57d', NULL, 'Debt quotes are coming in wider than underwritten. Watching closely.', '22222222-2222-2222-2222-222222222222', FALSE, '2026-01-10T21:00:00.0000000Z');
INSERT INTO deal_comments (id, deal_id, parent_id, body, author_id, is_ai_generated, created_at) VALUES ('1e5a57ad-52f3-577d-b83b-05dcabf7a4d0', '5e1a462f-ebef-59f1-b74c-eb951110d57d', NULL, 'Automated summary: financial profile within screening thresholds; no blocking risk flags detected.', '33333333-3333-3333-3333-333333333333', TRUE, '2026-01-10T22:00:00.0000000Z');
INSERT INTO deal_comments (id, deal_id, parent_id, body, author_id, is_ai_generated, created_at) VALUES ('56811900-4cc8-50a4-865b-5c9b0c61c2ef', '1833711c-7b68-5bbe-8ed7-c48417cfd352', NULL, 'Deal advanced to NdaLoi. Prior stage lasted 19 days; 3 template tasks were generated.', '33333333-3333-3333-3333-333333333333', TRUE, '2026-01-25T05:00:00.0000000Z');
INSERT INTO deal_comments (id, deal_id, parent_id, body, author_id, is_ai_generated, created_at) VALUES ('cf65442c-e787-5200-8f1c-72fa45b82d38', '1833711c-7b68-5bbe-8ed7-c48417cfd352', NULL, 'Tenant interviews went well — no unexpected vacancy signals.', '44444444-4444-4444-4444-444444444444', FALSE, '2026-01-24T06:00:00.0000000Z');
INSERT INTO deal_comments (id, deal_id, parent_id, body, author_id, is_ai_generated, created_at) VALUES ('a08c204d-cce2-5b8e-9c1e-03ab308b3ad3', 'ec22ba30-0d9a-5c77-98f0-cae88a4a3f17', NULL, 'Seller is motivated; broker hinted at flexibility on price.', '44444444-4444-4444-4444-444444444444', FALSE, '2026-05-04T20:00:00.0000000Z');
INSERT INTO deal_comments (id, deal_id, parent_id, body, author_id, is_ai_generated, created_at) VALUES ('e7f95993-4d7e-57c7-8b49-7c4261c979aa', 'ec22ba30-0d9a-5c77-98f0-cae88a4a3f17', NULL, 'Comps in this submarket support our basis. Proceeding.', '11111111-1111-1111-1111-111111111111', FALSE, '2026-04-10T21:00:00.0000000Z');
INSERT INTO deal_comments (id, deal_id, parent_id, body, author_id, is_ai_generated, created_at) VALUES ('6962f137-ad0b-50b7-bc9c-bd0aa3e4f27b', 'a358a04c-7782-5766-b16f-8361d0ee595e', NULL, 'Environmental consultant flagged nothing material in the records search.', '11111111-1111-1111-1111-111111111111', FALSE, '2026-05-08T19:00:00.0000000Z');
INSERT INTO deal_comments (id, deal_id, parent_id, body, author_id, is_ai_generated, created_at) VALUES ('87808c7b-b4b3-564c-9fba-7861ff73fcc1', 'a358a04c-7782-5766-b16f-8361d0ee595e', NULL, 'Rent roll shows two leases rolling within 18 months.', '22222222-2222-2222-2222-222222222222', FALSE, '2026-05-26T20:00:00.0000000Z');
INSERT INTO deal_comments (id, deal_id, parent_id, body, author_id, is_ai_generated, created_at) VALUES ('d544162c-1cb7-5c32-9288-b482a6385938', 'a358a04c-7782-5766-b16f-8361d0ee595e', NULL, 'IC pre-read circulated; expect questions on exit cap assumptions.', '33333333-3333-3333-3333-333333333333', FALSE, '2026-05-17T21:00:00.0000000Z');
INSERT INTO deal_comments (id, deal_id, parent_id, body, author_id, is_ai_generated, created_at) VALUES ('5915a0ec-cb92-56cb-a05a-4645bc6d8701', '5063bf26-49eb-5551-baa9-2759eb029213', NULL, 'Tenant interviews went well — no unexpected vacancy signals.', '22222222-2222-2222-2222-222222222222', FALSE, '2026-05-30T10:00:00.0000000Z');
INSERT INTO deal_comments (id, deal_id, parent_id, body, author_id, is_ai_generated, created_at) VALUES ('b1373c55-3d91-5489-93cf-15613a22f844', '5063bf26-49eb-5551-baa9-2759eb029213', NULL, 'Walked the site yesterday — the roof is newer than the OM suggests.', '33333333-3333-3333-3333-333333333333', FALSE, '2026-05-08T11:00:00.0000000Z');
INSERT INTO deal_comments (id, deal_id, parent_id, body, author_id, is_ai_generated, created_at) VALUES ('759a58d8-45f4-5e5a-8a64-01b167226e4b', '7c449c19-e9bf-5467-afd2-f85821d48137', NULL, 'Comps in this submarket support our basis. Proceeding.', '33333333-3333-3333-3333-333333333333', FALSE, '2026-06-02T07:00:00.0000000Z');
INSERT INTO deal_comments (id, deal_id, parent_id, body, author_id, is_ai_generated, created_at) VALUES ('65560de5-7494-577f-8e63-fd15012218fe', '7c449c19-e9bf-5467-afd2-f85821d48137', NULL, 'Automated summary: financial profile within screening thresholds; no blocking risk flags detected.', '44444444-4444-4444-4444-444444444444', TRUE, '2026-06-18T08:00:00.0000000Z');
INSERT INTO deal_comments (id, deal_id, parent_id, body, author_id, is_ai_generated, created_at) VALUES ('d80da882-a758-5ad7-b626-4be8b9a4998c', '7c449c19-e9bf-5467-afd2-f85821d48137', NULL, 'Environmental consultant flagged nothing material in the records search.', '11111111-1111-1111-1111-111111111111', FALSE, '2026-06-02T09:00:00.0000000Z');
INSERT INTO deal_comments (id, deal_id, parent_id, body, author_id, is_ai_generated, created_at) VALUES ('e5398f68-8c8c-51ea-8223-d7531d02aa73', '6b8d7cfe-267d-5896-a2ec-cf23da63cfad', NULL, 'Deal advanced to UnderwritingReview. Prior stage lasted 16 days; 3 template tasks were generated.', '44444444-4444-4444-4444-444444444444', TRUE, '2026-03-02T19:00:00.0000000Z');
INSERT INTO deal_comments (id, deal_id, parent_id, body, author_id, is_ai_generated, created_at) VALUES ('17b64af2-4c30-5886-8dc7-069936be2bdb', '6b8d7cfe-267d-5896-a2ec-cf23da63cfad', NULL, 'IC pre-read circulated; expect questions on exit cap assumptions.', '11111111-1111-1111-1111-111111111111', FALSE, '2026-02-19T20:00:00.0000000Z');
INSERT INTO deal_comments (id, deal_id, parent_id, body, author_id, is_ai_generated, created_at) VALUES ('845c3b07-add5-5ae3-93df-cfe1b67d80f6', 'd3c64206-2ae0-5405-8151-b60f27b3843d', NULL, 'Walked the site yesterday — the roof is newer than the OM suggests.', '11111111-1111-1111-1111-111111111111', FALSE, '2026-05-14T03:00:00.0000000Z');
INSERT INTO deal_comments (id, deal_id, parent_id, body, author_id, is_ai_generated, created_at) VALUES ('f439e631-840f-5447-bf4f-45000fcd1658', 'd3c64206-2ae0-5405-8151-b60f27b3843d', NULL, 'Seller is motivated; broker hinted at flexibility on price.', '22222222-2222-2222-2222-222222222222', FALSE, '2026-05-14T04:00:00.0000000Z');
INSERT INTO deal_comments (id, deal_id, parent_id, body, author_id, is_ai_generated, created_at) VALUES ('da408b5c-bdf5-52e9-9aa4-9fa8a917372b', 'd3c64206-2ae0-5405-8151-b60f27b3843d', NULL, 'Comps in this submarket support our basis. Proceeding.', '33333333-3333-3333-3333-333333333333', FALSE, '2026-05-14T05:00:00.0000000Z');
INSERT INTO deal_comments (id, deal_id, parent_id, body, author_id, is_ai_generated, created_at) VALUES ('3c383725-ca26-5558-97f5-f8bd45df0934', 'f2f98ba1-9bb7-5944-8f1f-a38de4c5c49c', NULL, 'Debt quotes are coming in wider than underwritten. Watching closely.', '22222222-2222-2222-2222-222222222222', FALSE, '2026-04-25T10:00:00.0000000Z');
INSERT INTO deal_comments (id, deal_id, parent_id, body, author_id, is_ai_generated, created_at) VALUES ('d875be29-5cf8-5400-a456-eda24b5883f0', 'f2f98ba1-9bb7-5944-8f1f-a38de4c5c49c', NULL, 'Environmental consultant flagged nothing material in the records search.', '33333333-3333-3333-3333-333333333333', FALSE, '2026-04-22T11:00:00.0000000Z');
INSERT INTO deal_comments (id, deal_id, parent_id, body, author_id, is_ai_generated, created_at) VALUES ('cb4d05ac-fd0b-5491-9ce3-ff2ac5aa761b', 'f2f98ba1-9bb7-5944-8f1f-a38de4c5c49c', NULL, 'Rent roll shows two leases rolling within 18 months.', '44444444-4444-4444-4444-444444444444', FALSE, '2026-05-08T12:00:00.0000000Z');
INSERT INTO deal_comments (id, deal_id, parent_id, body, author_id, is_ai_generated, created_at) VALUES ('14560fa1-d5e4-5351-808a-02e4349d0edd', '20d3e628-ad4b-579e-b61f-b9d64aa15de9', NULL, 'IC pre-read circulated; expect questions on exit cap assumptions.', '33333333-3333-3333-3333-333333333333', FALSE, '2026-05-17T23:00:00.0000000Z');
INSERT INTO deal_comments (id, deal_id, parent_id, body, author_id, is_ai_generated, created_at) VALUES ('24ce9e61-2cd2-56db-a36d-e7843336b11b', '20d3e628-ad4b-579e-b61f-b9d64aa15de9', NULL, 'Tenant interviews went well — no unexpected vacancy signals.', '44444444-4444-4444-4444-444444444444', FALSE, '2026-05-12T00:00:00.0000000Z');
INSERT INTO deal_comments (id, deal_id, parent_id, body, author_id, is_ai_generated, created_at) VALUES ('e2e76f9c-cf7e-593e-a017-dccb125e95a2', '20d3e628-ad4b-579e-b61f-b9d64aa15de9', NULL, 'Deal advanced to InvestmentCommittee. Prior stage lasted 29 days; 3 template tasks were generated.', '11111111-1111-1111-1111-111111111111', TRUE, '2026-05-11T01:00:00.0000000Z');
INSERT INTO deal_comments (id, deal_id, parent_id, body, author_id, is_ai_generated, created_at) VALUES ('4dcd7b62-57b6-503d-b788-dd5e0a73ba6c', '10c8ca26-89d6-5bb6-b909-542ac02cf7b1', NULL, 'Seller is motivated; broker hinted at flexibility on price.', '44444444-4444-4444-4444-444444444444', FALSE, '2026-02-13T21:00:00.0000000Z');
INSERT INTO deal_comments (id, deal_id, parent_id, body, author_id, is_ai_generated, created_at) VALUES ('ea691318-62cc-580f-bcf9-930c4e04b5b1', '10c8ca26-89d6-5bb6-b909-542ac02cf7b1', NULL, 'Automated summary: financial profile within screening thresholds; no blocking risk flags detected.', '11111111-1111-1111-1111-111111111111', TRUE, '2026-02-04T22:00:00.0000000Z');
INSERT INTO deal_comments (id, deal_id, parent_id, body, author_id, is_ai_generated, created_at) VALUES ('a23a7d20-c66e-581c-b55e-30f32b541ba5', '77824222-436d-5770-8522-977049b93056', NULL, 'Deal advanced to InvestmentCommittee. Prior stage lasted 7 days; 3 template tasks were generated.', '11111111-1111-1111-1111-111111111111', TRUE, '2026-03-22T03:00:00.0000000Z');
INSERT INTO deal_comments (id, deal_id, parent_id, body, author_id, is_ai_generated, created_at) VALUES ('5e7b865c-0cab-5c55-91af-eda97a80bbcb', '77824222-436d-5770-8522-977049b93056', NULL, 'Rent roll shows two leases rolling within 18 months.', '22222222-2222-2222-2222-222222222222', FALSE, '2026-03-15T04:00:00.0000000Z');
INSERT INTO deal_comments (id, deal_id, parent_id, body, author_id, is_ai_generated, created_at) VALUES ('5006fb29-db67-5bf3-901a-6a70ed5228e2', '4f8b79bc-76fe-5dc1-8036-9a272b1cced4', NULL, 'Tenant interviews went well — no unexpected vacancy signals.', '22222222-2222-2222-2222-222222222222', FALSE, '2026-04-29T11:00:00.0000000Z');
INSERT INTO deal_comments (id, deal_id, parent_id, body, author_id, is_ai_generated, created_at) VALUES ('941de35d-1955-5a34-b2ec-529e72463d7d', '4f8b79bc-76fe-5dc1-8036-9a272b1cced4', NULL, 'Walked the site yesterday — the roof is newer than the OM suggests.', '33333333-3333-3333-3333-333333333333', FALSE, '2026-05-07T12:00:00.0000000Z');
INSERT INTO deal_comments (id, deal_id, parent_id, body, author_id, is_ai_generated, created_at) VALUES ('b1aba6f5-ffe6-58cf-a1f0-7e62e14549e0', '42daad9a-0872-5c3b-a264-86b957ea0e18', NULL, 'Comps in this submarket support our basis. Proceeding.', '33333333-3333-3333-3333-333333333333', FALSE, '2026-05-09T17:00:00.0000000Z');
INSERT INTO deal_comments (id, deal_id, parent_id, body, author_id, is_ai_generated, created_at) VALUES ('171b340d-94d1-504c-a239-49d4d71c1dbe', '42daad9a-0872-5c3b-a264-86b957ea0e18', NULL, 'Debt quotes are coming in wider than underwritten. Watching closely.', '44444444-4444-4444-4444-444444444444', FALSE, '2026-04-29T18:00:00.0000000Z');
INSERT INTO deal_comments (id, deal_id, parent_id, body, author_id, is_ai_generated, created_at) VALUES ('a57687ac-3bf3-5c7d-af14-ad7731c03231', '42daad9a-0872-5c3b-a264-86b957ea0e18', NULL, 'Environmental consultant flagged nothing material in the records search.', '11111111-1111-1111-1111-111111111111', FALSE, '2026-04-20T19:00:00.0000000Z');
INSERT INTO deal_comments (id, deal_id, parent_id, body, author_id, is_ai_generated, created_at) VALUES ('365b487f-cffb-5202-a343-8f79003eec8d', '12b10dbb-acee-5a75-87f2-e985725c82e3', NULL, 'Rent roll shows two leases rolling within 18 months.', '44444444-4444-4444-4444-444444444444', FALSE, '2026-02-09T09:00:00.0000000Z');
INSERT INTO deal_comments (id, deal_id, parent_id, body, author_id, is_ai_generated, created_at) VALUES ('419cd2cb-a55e-5cdb-a041-47a23168fa03', '12b10dbb-acee-5a75-87f2-e985725c82e3', NULL, 'IC pre-read circulated; expect questions on exit cap assumptions.', '11111111-1111-1111-1111-111111111111', FALSE, '2026-02-08T10:00:00.0000000Z');
INSERT INTO deal_comments (id, deal_id, parent_id, body, author_id, is_ai_generated, created_at) VALUES ('de326d46-a46c-5c95-9d7c-1c376e3cff6d', '12b10dbb-acee-5a75-87f2-e985725c82e3', NULL, 'Deal advanced to NdaLoi. Prior stage lasted 28 days; 3 template tasks were generated.', '22222222-2222-2222-2222-222222222222', TRUE, '2026-02-13T11:00:00.0000000Z');
INSERT INTO deal_comments (id, deal_id, parent_id, body, author_id, is_ai_generated, created_at) VALUES ('30ff6751-6ad3-5223-a5c3-be40dec605af', 'eff3efe9-33df-5766-ad9f-57a45ff5a8d1', NULL, 'Walked the site yesterday — the roof is newer than the OM suggests.', '11111111-1111-1111-1111-111111111111', FALSE, '2026-06-05T04:00:00.0000000Z');
INSERT INTO deal_comments (id, deal_id, parent_id, body, author_id, is_ai_generated, created_at) VALUES ('a8cdf7d5-7388-54b3-a613-ef3b55a3fa91', 'eff3efe9-33df-5766-ad9f-57a45ff5a8d1', NULL, 'Seller is motivated; broker hinted at flexibility on price.', '22222222-2222-2222-2222-222222222222', FALSE, '2026-05-19T05:00:00.0000000Z');
INSERT INTO deal_comments (id, deal_id, parent_id, body, author_id, is_ai_generated, created_at) VALUES ('20c4efc0-ec8e-539d-80b9-da8f445251d9', 'eff3efe9-33df-5766-ad9f-57a45ff5a8d1', NULL, 'Comps in this submarket support our basis. Proceeding.', '33333333-3333-3333-3333-333333333333', FALSE, '2026-05-14T06:00:00.0000000Z');
INSERT INTO deal_comments (id, deal_id, parent_id, body, author_id, is_ai_generated, created_at) VALUES ('1b4aae36-bc23-51a2-9da5-5d608928d5d9', '2301fcae-19c8-5bf4-a104-ad3a75b22130', NULL, 'Deal advanced to NdaLoi. Prior stage lasted 25 days; 3 template tasks were generated.', '22222222-2222-2222-2222-222222222222', TRUE, '2026-03-27T04:00:00.0000000Z');
INSERT INTO deal_comments (id, deal_id, parent_id, body, author_id, is_ai_generated, created_at) VALUES ('1fabfa10-8407-5b56-85f6-95067768d2bf', '2301fcae-19c8-5bf4-a104-ad3a75b22130', NULL, 'Environmental consultant flagged nothing material in the records search.', '33333333-3333-3333-3333-333333333333', FALSE, '2026-03-20T05:00:00.0000000Z');
INSERT INTO deal_comments (id, deal_id, parent_id, body, author_id, is_ai_generated, created_at) VALUES ('42a8fca9-d109-5797-b779-7a38696efef2', '2301fcae-19c8-5bf4-a104-ad3a75b22130', NULL, 'Rent roll shows two leases rolling within 18 months.', '44444444-4444-4444-4444-444444444444', FALSE, '2026-03-19T06:00:00.0000000Z');

-- deal_documents: none seeded — document history is real uploads only
-- (file records come from documents-service uploads; fakes were removed 2026-07-17)

